Rank,Business Name,Phone Number,Rating,Review Count,Address,City,State,ZIP,Website,Quality Score,Lead Quality,Call Priority,Owner Name,Owner Email,Contact Email,Enrichment Source,Notes,Call Status,Call Date,Follow Up
1,Mowbray Tree Services,(909) 389-0077,3.5,133,"686 E Mill St, San Bernardino, CA 92408, USA",San Bernardino,CA,92408,https://www.mowbrays.com/,95,HIGH,URGENT,,,,google_places,,,,
2,GRS Landscaping & Paving Co.,(714) 860-7099,3.5,13,"5681 Beach Blvd, Buena Park, CA 90621, USA",Buena Park,CA,90621,http://grslandscaping.website/,85,HIGH,URGENT,,,,google_places,,,,
3,Mimosa Nursery,(323) 722-4543,3.9,85,"6270 Allston St, Los Angeles, CA 90022, USA",Los Angeles,CA,90022,http://mimosala.com/,85,HIGH,URGENT,,,,google_places,,,,
4,Mimosa Nursery,(714) 828-0780,3.8,96,"2700 W Crescent Ave, Anaheim, CA 92801, USA",Anaheim,CA,92801,https://vuoncayoc.com/,85,HIGH,URGENT,,,,google_places,,,,
5,Arlington Gardens Care Center,(951) 351-2800,3.6,114,"3688 Nye Ave, Riverside, CA 92505, USA",Riverside,CA,92505,https://www.arlingtongardenscc.com/,85,HIGH,URGENT,,,,google_places,,,,
6,Rancho California Landscaping,(310) 768-1680,3.3,15,"13801 S Western Ave, Gardena, CA 90249, USA",Gardena,CA,90249,https://www.ranchocalifornia.biz/,85,HIGH,URGENT,,,,google_places,,,,
7,Lowe's,(619) 584-5500,4.0,30,"2318 Northside Dr, San Diego, CA 92108, USA",San Diego,CA,92108,https://www.lowes.com/l/gardencenter.html?cm_mmc=YEXT-_-GC,80,HIGH,URGENT,,,,google_places,,,,
8,Mario Tree Service,(562) 322-2246,3.9,14,"7802 Chatfield Ave, Whittier, CA 90606, USA",Whittier,CA,90606,https://mariotreeservice.net/,75,HIGH,HIGH,,,,google_places,,,,
9,Grassland Landscape and Lawncare,(562) 551-8873,4.0,18,"1611 Long Beach Blvd, Long Beach, CA 90813, USA",Long Beach,CA,90813,https://longbeachlandscaping.net/,75,HIGH,HIGH,,,,google_places,,,,
10,"Discount Tree Care Arborist, Inc.",(562) 842-8635,4.1,131,"3126 E 64th St, Long Beach, CA 90805, USA",Long Beach,CA,90805,https://discounttreecarearboristinc.com/,75,MEDIUM,HIGH,,,,google_places,,,,
11,Aerations Plus Sprinkler Repair Los Angeles,(866) 337-0655,4.2,52,"925 N La Brea Ave Office 424, West Hollywood, CA 90038, USA",West Hollywood,CA,90038,https://www.aerationsplusla.com/?utm_source=google&utm_medium=organic&utm_campaign=local-seo&utm_term=west-hollywood-website,75,MEDIUM,HIGH,,,,google_places,,,,
12,SiteOne Landscape Supply,(714) 963-5372,4.1,69,"10500 Garfield Ave, Huntington Beach, CA 92646, USA",Huntington Beach,CA,92646,https://www.siteone.com/en/store/317,75,MEDIUM,HIGH,,,,google_places,,,,
13,Red Star Fertilizer Co,(909) 597-4801,3.5,13,"17132 Hellman Ave, Corona, CA 92880, USA",Corona,CA,92880,,75,HIGH,HIGH,,,,google_places,,,,
14,Paradise Garden Center,(951) 789-0386,3.6,98,"7109 Dufferin Ave, Riverside, CA 92504, USA",Riverside,CA,92504,,75,HIGH,HIGH,,,,google_places,,,,
15,Gloria's Nursery,(909) 743-3642,3.7,15,"18283 Marygold Ave, Bloomington, CA 92316, USA",Bloomington,CA,92316,http://gloriasnursery.weebly.com/,75,HIGH,HIGH,,,,google_places,,,,
16,H & R Gardening and Landscaping,(909) 754-3254,4.2,74,"3949 Modesto Dr, San Bernardino, CA 92404, USA",San Bernardino,CA,92404,http://www.handrgardeningandlandscaping.com/,75,MEDIUM,HIGH,,,,google_places,,,,
17,Sergio Contreras Landscape Inc.,(310) 477-0586,4.0,21,"4464 W Adams Blvd, Los Angeles, CA 90016, USA",Los Angeles,CA,90016,https://sclandscapeinc.com/,75,HIGH,HIGH,,,,google_places,,,,
18,Forge Aeration & Lawn Care,(949) 329-8526,2.6,18,"26632 Towne Centre Dr, Foothill Ranch, CA 92610, USA",Lake Forest,CA,92610,,75,HIGH,HIGH,,,,google_places,,,,
19,SP Hardscaping & Artificial Grass,(213) 521-8287,3.5,16,"1560 Brookhollow Dr #209, Santa Ana, CA 92705, USA",Santa Ana,CA,92705,,75,HIGH,HIGH,,,,google_places,,,,
20,Ortega Maintenance,(951) 340-0254,3.9,15,"2140 Devonshire Dr, Corona, CA 92879, USA",Corona,CA,92879,http://www.ortegatreeandlawnservices.com/,75,HIGH,HIGH,,,,google_places,,,,
21,GrowAce,(888) 621-0062,4.1,389,"735 Challenger St, Brea, CA 92821, USA",Brea,CA,92821,https://growace.com/,75,MEDIUM,HIGH,,,,google_places,,,,
22,Moon Valley Nurseries,(909) 325-4024,4.1,98,"5211 Edison Ave, Chino, CA 91710, USA",Chino,CA,91710,https://www.moonvalleynurseries.com/locations/chino,75,MEDIUM,HIGH,,,,google_places,,,,
23,Sprinkler Guy LA,(310) 634-5059,3.9,7,"11321 Washington Blvd, Culver City, CA 90230, USA",Culver City,CA,90230,http://cms.sprinklerguyla-com.webnode.com/,70,MEDIUM,HIGH,,,,google_places,,,,
24,Emily Garden Nursery,(714) 557-3404,4.2,26,"Scala nursery, 3439 W MacArthur Blvd, Santa Ana, CA 92704, USA",Santa Ana,CA,92704,http://emilygardennursery.com/,70,MEDIUM,HIGH,,,,google_places,,,,
25,LuxeStone Landscaping Solutions,(949) 580-0067,3.8,5,"377 W Chapman Ave, Placentia, CA 92870, USA",Placentia,CA,92870,http://luxestonelandscapingsolutions.website/,70,MEDIUM,HIGH,,,,google_places,,,,
26,Mimi Nursery,(714) 638-5115,3.8,29,"13352 S Euclid St, Garden Grove, CA 92843, USA",Garden Grove,CA,92843,,70,HIGH,HIGH,,,,google_places,,,,
27,Natures Growers,(714) 999-1190,4.0,5,"1621 S Euclid St, Anaheim, CA 92802, USA",Anaheim,CA,92802,http://naturesgrowers.net/,70,MEDIUM,HIGH,,,,google_places,,,,
28,Marroquin's Landscaping & Maintenance Services Inc.,(951) 295-7042,4.0,9,"3825 Crestmore Rd spc 330, Riverside, CA 92509, USA",Riverside,CA,92509,https://marroquinslandscaping.net/,70,MEDIUM,HIGH,,,,google_places,,,,
29,Casa Verde Landscaping & Garden Service,(310) 971-0780,3.3,7,"22516 Normandie Ave #B41, Torrance, CA 90502, USA",Torrance,CA,90502,,70,MEDIUM,HIGH,,,,google_places,,,,
30,Belman Living Hardscape & Pavers,(844) 728-3711,3.8,6,"2522 Chambers Rd #100, Tustin, CA 92780, USA",Tustin,CA,92780,https://belmanpavers.com/,70,MEDIUM,HIGH,,,,google_places,,,,
31,Urban Landscape,(949) 433-7428,4.1,37,"895 Dove St, Newport Beach, CA 92660, USA",Newport Beach,CA,92660,https://www.urbanlandscape.com/?utm_source=google&utm_medium=organic&utm_campaign=google_business_profile,70,MEDIUM,HIGH,,,,google_places,,,,
32,Gardens Plus +,(909) 986-6666,3.8,32,"120 N Campus Ave, Ontario, CA 91764, USA",Ontario,CA,91764,,70,HIGH,HIGH,,,,google_places,,,,
33,Shiyi succulent garden,(626) 586-0094,4.1,45,"11817 Central Ave, Chino, CA 91710, USA",Chino,CA,91710,http://shiyisucculent.com/?utm_source=gmb&utm_medium=referral,70,MEDIUM,HIGH,,,,google_places,,,,
34,BLVD Nursery,(626) 744-9202,4.7,91,"170 E Orange Grove Blvd, Pasadena, CA 91103, USA",Pasadena,CA,91103,https://www.blvdnursery.com/,68,MEDIUM,HIGH,,,,google_places,,,,
35,Roger's Gardens,(949) 640-5800,4.6,1023,"2301 San Joaquin Hills Rd, Corona Del Mar, CA 92625, USA",Newport Beach,CA,92625,https://www.rogersgardens.com/,68,MEDIUM,HIGH,,,,google_places,,,,
36,Mission Hills Nursery,(619) 295-2808,4.6,147,"1525 Fort Stockton Dr, San Diego, CA 92103, USA",San Diego,CA,92103,https://www.missionhillsnursery.com/,68,MEDIUM,HIGH,,,,google_places,,,,
37,LawnStarter Lawn Care Service,(424) 324-2113,4.5,66,"Hedrick Summit, Suite 483 South, 330 De Neve Dr, Los Angeles, CA 90024, USA",Los Angeles,CA,90024,https://www.lawnstarter.com/los-angeles-ca-lawn-care?utm_source=google&utm_medium=GLocal&utm_campaign=LosAngelesLocal,65,MEDIUM,HIGH,,,,google_places,,,,
38,Garden Center,(562) 776-2200,4.5,59,"7121 Firestone Blvd, Downey, CA 90241, USA",Downey,CA,90241,https://www.homedepot.com/l/Downey/CA/Downey/90241/6627/garden-center?emt=GCGMBGoogleMaps,65,MEDIUM,HIGH,,,,google_places,,,,
39,Deep Roots Garden Center,(310) 376-0567,4.5,75,"18420 Hawthorne Blvd, Torrance, CA 90504, USA",Torrance,CA,90504,https://deep-roots.net/,65,MEDIUM,HIGH,,,,google_places,,,,
40,"Adam's Feed & Garden Supply, Inc.",(323) 587-0670,4.5,108,"8707 Compton Ave, Los Angeles, CA 90002, USA",Los Angeles,CA,90002,http://facebook.com/adamsfeedgardensupply/?rf=160119460677275,65,MEDIUM,HIGH,,,,google_places,,,,
41,Sprinkler Repair Service,(310) 634-5059,4.6,65,"11512 Culver Blvd, Los Angeles, CA 90066, USA",Los Angeles,CA,90066,http://sprinklerrepair1.com/,65,MEDIUM,HIGH,,,,google_places,,,,
42,MC Landscaping LLC,(562) 225-9460,4.7,106,"5780 South St, Lakewood, CA 90713, USA",Lakewood,CA,90713,https://mclandscapingllc.com/,65,MEDIUM,HIGH,,,,google_places,,,,
43,Gutierrez & Sons Tree Services and Landscaping,(310) 596-6704,4.7,114,"879 W 179th St Suite 400 Office #55, Gardena, CA 90248, USA",Gardena,CA,90248,https://www.gutierrezandsonstreeservice.com/,65,MEDIUM,HIGH,,,,google_places,,,,
44,H & H Nursery,(562) 804-2513,4.7,399,"6220 Lakewood Blvd, Lakewood, CA 90712, USA",Lakewood,CA,90712,http://www.hhnursery.com/,65,MEDIUM,HIGH,,,,google_places,,,,
45,Easy Does It Tree Service Inc,(323) 252-1675,4.8,74,"2156 W 30th St, Los Angeles, CA 90018, USA",Los Angeles,CA,90018,http://easydoesittreeservice.com/,65,MEDIUM,HIGH,,,,google_places,,,,
46,J&P Sprinkler repair Services,(310) 906-8168,4.8,58,"10536 S Burl Ave, Lennox, CA 90304, USA",Lennox,CA,90304,https://sprinklersjp.com/,65,MEDIUM,HIGH,,,,google_places,,,,
47,Poly Timber Tree Service Inc.,(626) 478-4558,4.9,82,"8248 Birchbark Ave, Pico Rivera, CA 90660, USA",Pico Rivera,CA,90660,http://www.polytimbertreeservice.com/,65,MEDIUM,HIGH,,,,google_places,,,,
48,Think Green Tree Care Inc.,(626) 510-5144,4.9,64,"16037 Harvest Moon St, La Puente, CA 91744, USA",La Puente,CA,91744,https://treeservicesinlosangeles.com/,65,MEDIUM,HIGH,,,,google_places,,,,
49,Gabriel´s Tree Service And Landscaping,(323) 515-5178,5.0,585,"11528 Felton Ave, Los Angeles, CA 90045, USA",Los Angeles,CA,90045,http://www.gabrieltreeservices.com/,65,MEDIUM,HIGH,,,,google_places,,,,
50,Favor Tree Care,(714) 395-9495,5.0,67,"510 N Wedgewood Dr, Anaheim, CA 92801, USA",Anaheim,CA,92801,https://favorlandandtreecare.com/?utm_campaign=gmb,65,MEDIUM,HIGH,,,,google_places,,,,
51,Environmental Green Tree Care/ Killelea Landscape,(949) 690-6410,5.0,267,"333 W Broadway #1206, Anaheim, CA 92815, USA",Anaheim,CA,92815,http://www.killelealandscapeco.com/,65,MEDIUM,HIGH,,,,google_places,,,,
52,Green Advisor Inc.,(888) 869-0987,5.0,251,"7660 Beverly Blvd, Los Angeles, CA 90036, USA",Los Angeles,CA,90036,https://greenadvisorinc.com/,65,MEDIUM,HIGH,,,,google_places,,,,
53,Ariel Builders Landscape Specialist,(424) 415-8500,5.0,100,"4640 Admiralty Way 5th fl, Marina Del Rey, CA 90292, USA",Marina del Rey,CA,90292,https://ariel-buildersinc.com/ariel-builders-landscape,65,MEDIUM,HIGH,,,,google_places,,,,
54,Top Notch Co & Irrigation,(657) 231-9544,5.0,72,"2612 S Croddy Way Suite i, Santa Ana, CA 92704, USA",Santa Ana,CA,92704,https://topnotchlandscapelighting.com/,65,MEDIUM,HIGH,,,,google_places,,,,
55,Buildcal Landscape,(818) 303-1570,4.2,15,"507 Vine St, Glendale, CA 91204, USA",Glendale,CA,91204,https://buildcal.com/,65,MEDIUM,HIGH,,,,google_places,,,,
56,Hashimoto Nursery,(310) 473-6232,4.5,131,"1935 Sawtelle Blvd, Los Angeles, CA 90025, USA",Los Angeles,CA,90025,http://www.hashimotonursery.com/,65,MEDIUM,HIGH,,,,google_places,,,,
57,San Gabriel Nursery & Florist,(626) 286-3782,4.5,261,"632 S San Gabriel Blvd, San Gabriel, CA 91776, USA",San Gabriel,CA,91776,http://www.sgnursery.com/,65,MEDIUM,HIGH,,,,google_places,,,,
58,Flora Grubb Gardens Plant Nursery,(310) 823-5956,4.5,198,"13198 Mindanao Wy, Marina Del Rey, CA 90292, USA",Marina del Rey,CA,90292,https://www.floragrubb.com/,65,MEDIUM,HIGH,,,,google_places,,,,
59,Sepulveda Garden Center,(818) 784-5180,4.6,97,"16633 Magnolia Blvd, Encino, CA 91436, USA",Los Angeles,CA,91436,https://www.laparks.org/horticulture/sepulveda-garden-center,65,MEDIUM,HIGH,,,,google_places,,,,
60,Merrihew's Sunset Gardens,(310) 452-1051,4.6,110,"1526 Ocean Park Blvd, Santa Monica, CA 90405, USA",Santa Monica,CA,90405,https://www.merrihewsnursery.com/,65,MEDIUM,HIGH,,,,google_places,,,,
61,"Right Way Tree Service, Inc.",(323) 738-0446,4.7,80,"13027 Victory Blvd #509, Valley Glen, CA 91606, USA",Los Angeles,CA,91606,http://rightwaytreeservices.com/,65,MEDIUM,HIGH,,,,google_places,,,,
62,Flores Artscape,(323) 666-3510,4.7,133,"3959 Eagle Rock Blvd, Los Angeles, CA 90065, USA",Los Angeles,CA,90065,https://www.floresartscape.com/,65,MEDIUM,HIGH,,,,google_places,,,,
63,Green Leaf Zone,(818) 658-2776,4.8,69,"15117 Ventura Blvd Suite #1, Sherman Oaks, CA 91403, USA",Los Angeles,CA,91403,https://greenleafzone.com/service-area/sherman-oaks-ca/,65,MEDIUM,HIGH,,,,google_places,,,,
64,California Tree Design Inc.,(562) 253-9577,4.8,65,"3990 N Fair Oaks Ave, Altadena, CA 91001, USA",Altadena,CA,91001,http://www.californiatreedesign.com/,65,MEDIUM,HIGH,,,,google_places,,,,
65,"City Home & Garden, Inc",(213) 622-7705,4.8,91,"737 San Pedro St, Los Angeles, CA 90014, USA",Los Angeles,CA,90014,http://www.cityhomegarden.com/,65,MEDIUM,HIGH,,,,google_places,,,,
66,Unique Home Builders,(855) 477-5086,4.9,244,"17000 Ventura Blvd suite 302, Encino, CA 91316, USA",Los Angeles,CA,91316,https://uniquehbc.com/,65,MEDIUM,HIGH,,,,google_places,,,,
67,Urban Green Remodeling,(310) 601-5775,4.9,62,"1550 N El Centro Ave #1010, Los Angeles, CA 90028, USA",Los Angeles,CA,90028,http://urbangreenremodeling.com/,65,MEDIUM,HIGH,,,,google_places,,,,
68,Pacific Pavingstone,(818) 275-8613,4.9,69,"8309 Tujunga Ave #101, Sun Valley, CA 91352, USA",Los Angeles,CA,91352,https://www.pacificpavingstone.com/,65,MEDIUM,HIGH,,,,google_places,,,,
69,Grow Control Landscape,(626) 627-4583,4.9,50,"2405 Mountain View Rd, El Monte, CA 91733, USA",El Monte,CA,91733,https://www.growcontrollandscape.com/?utm_source=google&utm_medium=seo&utm_campaign=gbp-listing,65,MEDIUM,HIGH,,,,google_places,,,,
70,Pacific Outdoor Living,(818) 275-8271,4.9,313,"8309 Tujunga Ave #201, Sun Valley, CA 91352, USA",Los Angeles,CA,91352,https://pacificoutdoorliving.com/?utm_source=GMB&utm_medium=organic&utm_campaign=sunvalley,65,MEDIUM,HIGH,,,,google_places,,,,
71,Timeless Builds Pool Contractor Los Angeles,(310) 846-8139,4.9,71,"10250 Constellation Blvd #100, Los Angeles, CA 90067, USA",Los Angeles,CA,90067,https://explore.timelessbuilds.com/vision-call/,65,MEDIUM,HIGH,,,,google_places,,,,
72,Socal Landscape & Gardening,(213) 566-7469,5.0,74,"1245 McClellan Dr, Los Angeles, CA 90025, USA",Los Angeles,CA,90025,https://www.socallg.com/,65,MEDIUM,HIGH,,,,google_places,,,,
73,TREE SERVICE SG MONARCH INC,(818) 400-5146,5.0,62,"13031 Willard St, North Hollywood, CA 91605, USA",Los Angeles,CA,91605,https://secure.getjobber.com/website,65,MEDIUM,HIGH,,,,google_places,,,,
74,Safeway Tree Service Inc.,(818) 435-3781,5.0,139,"16716 Horace St, Granada Hills, CA 91344, USA",Los Angeles,CA,91344,http://www.safewaytree.com/,65,MEDIUM,HIGH,,,,google_places,,,,
75,GRANADA TREE SERVICE,(818) 849-8546,5.0,64,"10644 1/2 Sepulveda Blvd, Mission Hills, CA 91345, USA",Los Angeles,CA,91345,http://granadatreeservice.com/,65,MEDIUM,HIGH,,,,google_places,,,,
76,Droughtscape,(818) 446-0707,5.0,87,"Angeles Crest Hwy, La Cañada Flintridge, CA 91011, USA",La Cañada Flintridge,CA,91011,https://www.droughtscapela.com/,65,MEDIUM,HIGH,,,,google_places,,,,
77,"RainforestLA, Inc.",(323) 828-4178,5.0,91,"442 Alandele Ave, Los Angeles, CA 90036, USA",Los Angeles,CA,90036,https://rainforestla.com/,65,MEDIUM,HIGH,,,,google_places,,,,
78,Ernie Ureno Tree Service Inc,(714) 491-7132,4.2,15,"Santa Ana, CA 92704, USA",Santa Ana,CA,92704,https://erniestreeservices.com/,65,MEDIUM,HIGH,,,,google_places,,,,
79,Village Nurseries,(714) 998-8751,4.3,76,"1582 N Tustin St, Orange, CA 92867, USA",Orange,CA,92867,http://www.villagenurserieslc.com/,65,MEDIUM,HIGH,,,,google_places,,,,
80,B & M Lawn & Garden Center,(714) 996-5490,4.4,114,"2801 E Miraloma Ave suite a, Anaheim, CA 92806, USA",Anaheim,CA,92806,http://www.bmproturf.com/,65,MEDIUM,HIGH,,,,google_places,,,,
81,Freddy's Tree Service,(714) 630-1578,4.7,51,"1037 S Marjan St, Anaheim, CA 92806, USA",Anaheim,CA,92806,http://www.freddystreeexperts.com/,65,MEDIUM,HIGH,,,,google_places,,,,
82,Heavenly's Lawn Care,(949) 357-0965,4.8,85,"555 Anton Blvd suit 150, Costa Mesa, CA 92626, USA",Costa Mesa,CA,92626,https://www.heavenlyslawncareoc.com/,65,MEDIUM,HIGH,,,,google_places,,,,
83,Premier Tree Experts,(714) 588-8035,4.8,77,"802 E Lincoln Ave, Orange, CA 92865, USA",Orange,CA,92865,http://www.premiertreeexperts.net/,65,MEDIUM,HIGH,,,,google_places,,,,
84,"David's Tree Service, Inc.",(714) 842-6345,4.8,236,"19051 Gothard St, Huntington Beach, CA 92648, USA",Huntington Beach,CA,92648,http://www.davidstree.com/,65,MEDIUM,HIGH,,,,google_places,,,,
85,Martinez Nursery,(714) 828-4908,4.8,169,"8734 La Palma Ave, Buena Park, CA 90620, USA",Buena Park,CA,90620,http://www.martineznurserysocal.com/,65,MEDIUM,HIGH,,,,google_places,,,,
86,Orange County Farm Supply,(714) 978-6500,4.8,212,"1826 W Chapman Ave, Orange, CA 92868, USA",Orange,CA,92868,https://www.ocfarmsupply.com/,65,MEDIUM,HIGH,,,,google_places,,,,
87,Laguna Hills Nursery,(714) 542-5600,4.8,318,"1829 N Tustin Ave, Santa Ana, CA 92705, USA",Santa Ana,CA,92705,http://www.lagunahillsnursery.com/,65,MEDIUM,HIGH,,,,google_places,,,,
88,M & M Nursery,(714) 538-8042,4.8,78,"380 N Tustin St, Orange, CA 92867, USA",Orange,CA,92867,http://www.fairygardenexpert.net/,65,MEDIUM,HIGH,,,,google_places,,,,
89,The Potting Shed by Carlisle,(714) 468-5154,4.8,123,"10 Plaza Square Suite 102, Orange, CA 92866, USA",Orange,CA,92866,http://www.tpshomeandgarden.com/,65,MEDIUM,HIGH,,,,google_places,,,,
90,TurFresh,(855) 444-8873,5.0,363,"418 Goetz Ave, Santa Ana, CA 92707, USA",Santa Ana,CA,92707,https://www.turfresh.com/,65,MEDIUM,HIGH,,,,google_places,,,,
91,Plant Depot,(949) 240-2107,4.6,260,"32413 San Juan Creek Rd, San Juan Capistrano, CA 92675, USA",San Juan Capistrano,CA,92675,http://www.plantdepot.com/,65,MEDIUM,HIGH,,,,google_places,,,,
92,Green Thumb Nursery - Lake Forest,(949) 828-5575,4.8,979,"23782 Bridger Rd, Lake Forest, CA 92630, USA",Lake Forest,CA,92630,https://www.greenthumb.com/green-thumb-nursery-lake-forest-location/,65,MEDIUM,HIGH,,,,google_places,,,,
93,South Green Tree Care Inc,(949) 910-3195,5.0,271,"23041 Antonio Pkwy, Rancho Santa Margarita, CA 92688, USA",Rancho Santa Margarita,CA,92688,https://www.southgreentreecare.com/,65,MEDIUM,HIGH,,,,google_places,,,,
94,Fontana Nursery,(909) 827-4254,3.9,18,"15380 Foothill Blvd, Fontana, CA 92335, USA",Fontana,CA,92335,,65,HIGH,HIGH,,,,google_places,,,,
95,荷竹園 G & M Nursery,(714) 244-5980,4.1,10,"10151 Cleveland Ave, Riverside, CA 92503, USA",Riverside,CA,92503,https://www.facebook.com/lotusbamboogarden,65,MEDIUM,HIGH,,,,google_places,,,,
96,C&J Gardening Center,(626) 522-5552,4.3,57,"8681 Grove Ave, Rancho Cucamonga, CA 91730, USA",Rancho Cucamonga,CA,91730,https://cjgardeningcenter.com/,65,MEDIUM,HIGH,,,,google_places,,,,
97,J-House Lawn Care and Landscaping,(909) 232-6501,4.4,68,"14945 Yucca Ave unit A, Fontana, CA 92335, USA",Fontana,CA,92335,https://www.yardbook.com/new_quote/0a42bc492b2488a6a900430986bd1839df487dad,65,MEDIUM,HIGH,,,,google_places,,,,
98,LawnStarter Lawn Care Service,(951) 543-4285,4.4,85,"4580 Belford Way, Riverside, CA 92507, USA",Riverside,CA,92507,https://www.lawnstarter.com/riverside-ca-lawn-care?utm_source=google&utm_medium=GLocal&utm_campaign=RiversideLocal,65,MEDIUM,HIGH,,,,google_places,,,,
99,Louie's Nursery #2,(866) 568-2153,4.4,234,"16310 Porter Ave, Riverside, CA 92504, USA",Riverside,CA,92504,http://www.louiesnursery.com/,65,MEDIUM,HIGH,,,,google_places,,,,
100,Adam Hall's Plant Nursery,(951) 674-9422,4.5,153,"28095 Alessandro Blvd, Moreno Valley, CA 92555, USA",Moreno Valley,CA,92555,http://adamhallsnursery.com/,65,MEDIUM,HIGH,,,,google_places,,,,
101,La Madrina's Nursery,(909) 688-3288,4.5,58,"7154 Jurupa Rd, Riverside, CA 92509, USA",Riverside,CA,92509,https://www.facebook.com/LaMadrina0894/,65,MEDIUM,HIGH,,,,google_places,,,,
102,Ortega's Jr Tree Care LLC,(951) 316-2083,4.8,82,"5896 Norwood Ave, Riverside, CA 92505, USA",Riverside,CA,92505,http://www.ortegasjrtreecare.com/,65,MEDIUM,HIGH,,,,google_places,,,,
103,Fernando Tree Services,(909) 382-1246,4.8,144,"1773 Genevieve St, San Bernardino, CA 92405, USA",San Bernardino,CA,92405,http://fernandostreeservices.com/,65,MEDIUM,HIGH,,,,google_places,,,,
104,HLS Tree Service,(909) 279-5191,4.8,100,"1308 Alessandro Rd, Redlands, CA 92373, USA",Redlands,CA,92373,https://hlstreetrimming.com/,65,MEDIUM,HIGH,,,,google_places,,,,
105,Bonnett Irrigation,(951) 688-2100,4.8,139,"3230 Madison St, Riverside, CA 92504, USA",Riverside,CA,92504,https://bonnett-irrigation.shoplightspeed.com/,65,MEDIUM,HIGH,,,,google_places,,,,
106,Blue Rock Materials Garden Center,(951) 242-8080,4.8,81,"28221 Kalmia Ave, Moreno Valley, CA 92555, USA",Moreno Valley,CA,92555,https://bluerockmaterials.com/,65,MEDIUM,HIGH,,,,google_places,,,,
107,Parkview Nursery,(951) 784-6777,4.8,174,"4377 Chicago Ave, Riverside, CA 92507, USA",Riverside,CA,92507,https://parkviewnurseries.com/,65,MEDIUM,HIGH,,,,google_places,,,,
108,Parkview Nursery,(951) 351-6900,4.8,237,"3841 Jackson St, Riverside, CA 92503, USA",Riverside,CA,92503,http://parkviewnurseries.com/,65,MEDIUM,HIGH,,,,google_places,,,,
109,The Grower's Depot,(909) 381-9992,4.8,194,"453 S I St, San Bernardino, CA 92410, USA",San Bernardino,CA,92410,http://www.thegrowersdepot.com/,65,MEDIUM,HIGH,,,,google_places,,,,
110,Oasis Turf & Hardscape,(888) 627-4780,4.9,324,"11801 Pierce St Ste 200, Riverside, CA 92505, USA",Riverside,CA,92505,https://www.oasisturfca.com/,65,MEDIUM,HIGH,,,,google_places,,,,
111,Orozco Landscaping Services,(951) 623-9813,4.9,85,"175 Peppertree Dr, Perris, CA 92571, USA",Perris,CA,92571,https://www.orozcolandscapingservices.com/,65,MEDIUM,HIGH,,,,google_places,,,,
112,MCA Tree Service Inc,(909) 202-3351,4.9,64,"15407 Iris Dr, Fontana, CA 92335, USA",Fontana,CA,92335,https://mcatreeservice.com/,65,MEDIUM,HIGH,,,,google_places,,,,
113,D&N Tree Care Inc,(909) 678-5193,4.9,52,"1448 E Elma Ct, Ontario, CA 91764, USA",Ontario,CA,91764,https://dntreecareinc.com/,65,MEDIUM,HIGH,,,,google_places,,,,
114,Melendez Tree Service,(714) 576-2792,5.0,84,"14099 Knowlwood Ct, Corona, CA 92880, USA",Corona,CA,92880,https://melendeztree.com/,65,MEDIUM,HIGH,,,,google_places,,,,
115,Utility Plumbing Services,(888) 778-8734,5.0,199,"10700 Jersey Blvd #220, Rancho Cucamonga, CA 91730, USA",Rancho Cucamonga,CA,91730,https://utilityplumbingservices.com/?utm_source=google&utm_medium=organic&utm_campaign=gbp-listing,65,MEDIUM,HIGH,,,,google_places,,,,
116,CJS LANDSCAPE SOLUTIONS,(858) 899-3817,4.1,17,"2034 Balboa Ave, San Diego, CA 92109, USA",San Diego,CA,92109,http://cjslandscapesolutions.com/,65,MEDIUM,HIGH,,,,google_places,,,,
117,Ultra Landscaping,(619) 749-6365,4.2,10,"12254 Lakeshore Dr, Lakeside, CA 92040, USA",Lakeside,CA,92040,https://www.ultralandscapingsandiego.com/,65,MEDIUM,HIGH,,,,google_places,,,,
118,North Park Nursery,(619) 795-1855,4.3,112,"2335 University Ave, San Diego, CA 92104, USA",San Diego,CA,92104,http://northparknursery.com/,65,MEDIUM,HIGH,,,,google_places,,,,
119,Everde Growers - Miramar Farm and Landscape Center,(858) 552-0592,4.3,84,"5400 Governor Dr, San Diego, CA 92122, USA",San Diego,CA,92122,https://everde.com/,65,MEDIUM,HIGH,,,,google_places,,,,
120,LawnStarter,(858) 943-2121,4.6,252,"5613 Campanile Way, San Diego, CA 92115, USA",San Diego,CA,92115,https://www.lawnstarter.com/san-diego-ca-lawn-care?utm_source=google&utm_medium=GLocal&utm_campaign=SanDiegoLocal,65,MEDIUM,HIGH,,,,google_places,,,,
121,Terra Bella Nursery,(619) 585-1118,4.7,225,"3535 Camino del Rio W, San Diego, CA 92110, USA",San Diego,CA,92110,https://www.terrabellanursery.com/,65,MEDIUM,HIGH,,,,google_places,,,,
122,"Terra Bella Nursery, Inc.",(619) 585-1118,4.7,217,"302 Hollister St, San Diego, CA 92154, USA",San Diego,CA,92154,http://www.terrabellanursery.com/,65,MEDIUM,HIGH,,,,google_places,,,,
123,Point Loma Native Plant Garden,(619) 297-7380,4.7,52,"2275 Mendocino Blvd, San Diego, CA 92107, USA",San Diego,CA,92107,http://sandiegoriver.org/point_loma.html,65,MEDIUM,HIGH,,,,google_places,,,,
124,Planter Paradise Inc,(619) 440-6563,4.7,251,"1146 E Chase Ave, El Cajon, CA 92020, USA",El Cajon,CA,92020,https://planter-paradise-inc.com-place.com/,65,MEDIUM,HIGH,,,,google_places,,,,
125,Designs 4 You Remodeling,(619) 914-6645,4.8,170,"9434 Chesapeake Dr Suite 1211, San Diego, CA 92123, USA",San Diego,CA,92123,https://www.designs4yousd.com/?utm_campaign=gmb,65,MEDIUM,HIGH,,,,google_places,,,,
126,Mueller Landscape Inc,(619) 391-3887,4.8,243,"11774 Hi Ridge Rd, Lakeside, CA 92040, USA",Lakeside,CA,92040,https://muellerlandscapeinc.com/?utm_source=google&utm_medium=organic&utm_campaign=profile+link,65,MEDIUM,HIGH,,,,google_places,,,,
127,Walter Andersen Nursery,(619) 224-8271,4.8,455,"3642 Enterprise St, San Diego, CA 92110, USA",San Diego,CA,92110,http://www.walterandersen.com/,65,MEDIUM,HIGH,,,,google_places,,,,
128,Hunter's Nursery Inc,(619) 463-9341,4.8,152,"3110 Sweetwater Rd, Lemon Grove, CA 91945, USA",Lemon Grove,CA,91945,http://www.huntersnursery.com/,65,MEDIUM,HIGH,,,,google_places,,,,
129,Green Gardens Nursery,(858) 483-7846,4.8,169,"4910 Cass St, San Diego, CA 92109, USA",San Diego,CA,92109,http://www.greengardenssd.com/,65,MEDIUM,HIGH,,,,google_places,,,,
130,City Farmers Nursery,(619) 284-6358,4.8,363,"3110 Euclid Ave, San Diego, CA 92105, USA",San Diego,CA,92105,http://www.cityfarmersnursery.com/,65,MEDIUM,HIGH,,,,google_places,,,,
131,Rancho Valhalla Nursery,(619) 590-1025,4.8,108,"1998 E Chase Ave A, El Cajon, CA 92020, USA",El Cajon,CA,92020,https://ranchovalhallanursery.wordpress.com/,65,MEDIUM,HIGH,,,,google_places,,,,
132,Rose and Cactus Gardens,(619) 239-0512,4.8,104,"San Diego, CA 92104, USA",San Diego,CA,92104,https://www.balboapark.org/gardens/rose-garden,65,MEDIUM,HIGH,,,,google_places,,,,
133,Walter Andersen Nursery-Poway,(858) 513-4900,4.8,882,"12755 Danielson Ct, Poway, CA 92064, USA",Poway,CA,92064,http://www.walterandersen.com/,65,MEDIUM,HIGH,,,,google_places,,,,
134,Garden Coffee,(619) 500-8004,4.8,212,"2611 Congress St, San Diego, CA 92110, USA",San Diego,CA,92110,https://gardencoffegogo.site/,65,MEDIUM,HIGH,,,,google_places,,,,
135,CM Precision Tree and Landscape Maintenance Inc,(619) 815-4058,5.0,182,"4401 Twain Ave, San Diego, CA 92120, USA",San Diego,CA,92120,https://treeserviceinsandiego.com/?utm_campaign=gmb,65,MEDIUM,HIGH,,,,google_places,,,,
136,Tree Loyalty LLC,(619) 372-5084,5.0,85,"PO Box 123, 7770 Regents Rd #113, La Jolla, CA 92037, USA",San Diego,CA,92037,http://www.treeloyalty.com/,65,MEDIUM,HIGH,,,,google_places,,,,
137,Tree Service San Diego,(858) 201-5554,5.0,59,"5187 San Aquario Dr, San Diego, CA 92109, USA",San Diego,CA,92109,https://treeservicesandiegoca.com/,65,MEDIUM,HIGH,,,,google_places,,,,
138,ESCOBAR TREE SERVICE & STUMP GRINDER,(619) 771-8418,5.0,94,"3596 Chamoune Ave, San Diego, CA 92105, USA",San Diego,CA,92105,https://escobartreeservicestumpgrinder.com/,65,MEDIUM,HIGH,,,,google_places,,,,
139,Higuera Tree Care,(619) 300-1340,5.0,100,"187 Mace St Suite H, Chula Vista, CA 91911, USA",Chula Vista,CA,91911,https://www.higueratreecare.com/,65,MEDIUM,HIGH,,,,google_places,,,,
140,Sego Nursery Inc,(818) 763-5711,4.2,166,"12126 Burbank Blvd, Valley Village, CA 91607, USA",Los Angeles,CA,91607,,65,MEDIUM,HIGH,,,,google_places,,,,
141,Rolling Greens Beverly Grove,(310) 559-8656,4.3,113,"7505 Beverly Blvd, Los Angeles, CA 90036, USA",Los Angeles,CA,90036,https://www.rollinggreens.com/,65,MEDIUM,HIGH,,,,google_places,,,,
142,Dream Garden,(323) 465-0161,4.3,72,"6751 Sunset Blvd, Los Angeles, CA 90028, USA",Los Angeles,CA,90028,https://artshopla.wixsite.com/thedreamgarden,65,MEDIUM,HIGH,,,,google_places,,,,
143,Rolling Greens Culver City,(310) 559-8656,4.6,113,"9528 Jefferson Blvd, Culver City, CA 90232, USA",Culver City,CA,90232,https://www.rollinggreens.com/,65,MEDIUM,HIGH,,,,google_places,,,,
144,California Cactus Center,(626) 795-2788,4.6,94,"216 S Rosemead Blvd, Pasadena, CA 91107, USA",Pasadena,CA,91107,http://cactuscenter.com/,65,MEDIUM,HIGH,,,,google_places,,,,
145,Lincoln Ave. Nursery,(626) 792-2138,4.7,201,"804 Lincoln Ave, Pasadena, CA 91103, USA",Pasadena,CA,91103,https://lincolnavenuenursery.com/,65,MEDIUM,HIGH,,,,google_places,,,,
146,Sunset Boulevard Nursery,(323) 661-1642,4.7,226,"4368 Sunset Blvd, Los Angeles, CA 90029, USA",Los Angeles,CA,90029,http://www.sunsetblvdnursery.com/,65,MEDIUM,HIGH,,,,google_places,,,,
147,Picture Build,(818) 514-8764,4.8,75,"12410 Foothill Blvd Unit U, Sylmar, CA 91342, USA",Los Angeles,CA,91342,https://www.picturebuild.com/?utm_campaign=gmb,65,MEDIUM,HIGH,,,,google_places,,,,
148,American Eagle Tree Service,(818) 457-0891,4.9,66,"12110 Gager St, Sylmar, CA 91342, USA",Los Angeles,CA,91342,https://jesusamericaneagle.wixsite.com/americaneagletreeser,65,MEDIUM,HIGH,,,,google_places,,,,
149,Tansy,(800) 580-0541,4.9,107,"2120 W Magnolia Blvd, Burbank, CA 91506, USA",Burbank,CA,91506,https://shoptansy.com/,65,MEDIUM,HIGH,,,,google_places,,,,
150,Maria’s Garden Center,(310) 527-7750,4.5,79,"20300 S Figueroa St, Carson, CA 90745, USA",Carson,CA,90745,http://www.mariasgardencenter.com/,65,MEDIUM,HIGH,,,,google_places,,,,
151,C&S Garden Center,(424) 435-5506,4.9,51,"4167 Marine Ave, Lawndale, CA 90260, USA",Lawndale,CA,90260,http://www.csgardencenter.com/,65,MEDIUM,HIGH,,,,google_places,,,,
152,Greenplace Inc,(714) 399-7718,5.0,73,"2151 Pacific Ave A205, Costa Mesa, CA 92627, USA",Costa Mesa,CA,92627,https://greenplaceusa.com/,65,MEDIUM,HIGH,,,,google_places,,,,
153,Los Feliz Nursery,(909) 461-7435,3.9,10,"4182 Descanso Ave, Chino Hills, CA 91709, USA",Chino Hills,CA,91709,,65,HIGH,HIGH,,,,google_places,,,,
154,Van Ness Water Gardens,(909) 982-2425,4.7,61,"2460 N Euclid Ave, Upland, CA 91784, USA",Upland,CA,91784,http://www.vnwg.com/,65,MEDIUM,HIGH,,,,google_places,,,,
155,Vivid Landscape,(626) 654-3766,4.8,54,"1860 W 9th St, Upland, CA 91786, USA",Upland,CA,91786,https://www.vividlandscapeinc.com/,65,MEDIUM,HIGH,,,,google_places,,,,
156,Smith Landscape,(909) 456-9123,4.8,50,"154 W Foothill Blvd Unit 356, Upland, CA 91786, USA",Upland,CA,91786,https://www.smithlandscapemasonry.com/,65,MEDIUM,HIGH,,,,google_places,,,,
157,Glendora Gardens Nursery,(626) 914-6718,4.8,307,"1132 S Grand Ave, Glendora, CA 91740, USA",Glendora,CA,91740,http://www.glendoragardens.com/,65,MEDIUM,HIGH,,,,google_places,,,,
158,Tom Day Tree Service Inc,(909) 629-6960,4.9,60,"275 Sierra Pl, Upland, CA 91786, USA",Upland,CA,91786,https://tomdaytreeservice.com/,65,MEDIUM,HIGH,,,,google_places,,,,
159,Plant Safari,(909) 946-1104,4.9,221,"653 N Central Ave, Upland, CA 91786, USA",Upland,CA,91786,https://www.plantsafari.biz/,65,MEDIUM,HIGH,,,,google_places,,,,
160,"Paredes Nursery, Inc.",(909) 875-2589,3.8,13,"138 S Meridian Ave, Rialto, CA 92376, USA",Rialto,CA,92376,,65,HIGH,HIGH,,,,google_places,,,,
161,Yoshi's Lawnmower,(951) 684-0292,4.0,23,"3350 Mary St, Riverside, CA 92506, USA",Riverside,CA,92506,,65,HIGH,HIGH,,,,google_places,,,,
162,Richie's Lawn & Sprinkler Service,(909) 360-8989,4.1,23,"11660 Church St, Rancho Cucamonga, CA 91730, USA",Rancho Cucamonga,CA,91730,https://rlss.aimhighwebsites.com/,65,MEDIUM,HIGH,,,,google_places,,,,
163,South Bay Sprinklers,(310) 378-7606,4.2,6,"4001 W 242nd St, Torrance, CA 90505, USA",Torrance,CA,90505,http://southbaysprinklers.com/,60,MEDIUM,HIGH,,,,google_places,,,,
164,Garden Center | The Home Depot,(714) 539-0319,4.3,40,"10801 Garden Grove Blvd, Garden Grove, CA 92843, USA",Garden Grove,CA,92843,https://www.homedepot.com/l/Garden-Grove/CA/Garden-Grove/92843/6639/garden-center?emt=GCGMBGoogleMaps,60,MEDIUM,HIGH,,,,google_places,,,,
165,Unique Tree service,(714) 402-0169,4.4,25,"747 N Philadelphia St, Anaheim, CA 92805, USA",Anaheim,CA,92805,https://uniquetreeservicei.wixsite.com/website,60,MEDIUM,HIGH,,,,google_places,,,,
166,"Rosewood Landscape, Inc.",(424) 306-1177,4.5,41,"318 Tejon Pl, Palos Verdes Estates, CA 90274, USA",Palos Verdes Estates,CA,90274,https://www.rosewoodlandscape.com/,60,MEDIUM,HIGH,,,,google_places,,,,
167,Los Angeles CA Tree Service,(323) 736-4900,4.7,30,"360 Burnside Ave #11K, Los Angeles, CA 90036, USA",Los Angeles,CA,90036,https://losangelescatreeservice.com/,60,MEDIUM,HIGH,,,,google_places,,,,
168,C&A Tree Care Services Inc,(714) 666-2590,4.7,39,"7082 Thomas St, Buena Park, CA 90621, USA",Buena Park,CA,90621,https://www.catreecare.com/,60,MEDIUM,HIGH,,,,google_places,,,,
169,JC Tree Care and Landscape,(714) 675-0978,4.8,47,"107 W Delft Ave, Santa Ana, CA 92703, USA",Santa Ana,CA,92703,http://www.jctreecareandlandscape.com/,60,MEDIUM,HIGH,,,,google_places,,,,
170,Four Seasons Landscaping,(323) 375-8000,4.9,32,"6337 Santa Fe Ave, Huntington Park, CA 90255, USA",Huntington Park,CA,90255,https://www.fourseasonsla.com/,60,MEDIUM,HIGH,,,,google_places,,,,
171,Luna Landscape Co,(626) 862-2110,4.9,42,"15407 Garo St, Hacienda Heights, CA 91745, USA",Hacienda Heights,CA,91745,https://www.lunalandscapeco.com/,60,MEDIUM,HIGH,,,,google_places,,,,
172,Titan Pavers Los Angeles - Paver Installation,(818) 826-2327,4.9,41,"425 S Fairfax Ave #309, Los Angeles, CA 90036, USA",Los Angeles,CA,90036,https://titanpavers.com/paver-installation-los-angeles/,60,MEDIUM,HIGH,,,,google_places,,,,
173,Excellence landscaping and Maintenance,(323) 691-4607,5.0,35,"11312 Buell St, Downey, CA 90241, USA",Downey,CA,90241,https://excellencelandscapingservices.com/,60,MEDIUM,HIGH,,,,google_places,,,,
174,Beach Cities Tree Care Inc,(424) 310-9392,5.0,31,"1106 Barbara St, Torrance, CA 90505, USA",Torrance,CA,90505,http://www.beachcitiestreecare.com/,60,MEDIUM,HIGH,,,,google_places,,,,
175,Stacker Landscaping + Concrete,(626) 506-0018,4.0,7,"13131 Judith St, Baldwin Park, CA 91706, USA",Baldwin Park,CA,91706,,60,MEDIUM,HIGH,,,,google_places,,,,
176,Your Way Tree Service Inc.,(818) 882-2335,4.4,30,"12318 Branford St, Sun Valley, CA 91352, USA",Los Angeles,CA,91352,https://yourwaytreeserviceinc.com/,60,MEDIUM,HIGH,,,,google_places,,,,
177,Johnson Tree Service,(626) 447-5239,4.5,37,"401 Montana St, Monrovia, CA 91016, USA",Monrovia,CA,91016,https://treeservice-sangabrielvalley.com/,60,MEDIUM,HIGH,,,,google_places,,,,
178,Deibys Landscape & concrete inc.,(562) 331-2863,4.6,43,"12155 Eastman St, Cerritos, CA 90703, USA",Cerritos,CA,90703,http://www.cerritoslandscape.com/,60,MEDIUM,HIGH,,,,google_places,,,,
179,Green Grounds Landscape Services,(323) 452-9945,4.8,29,"5401 W Adams Blvd, Los Angeles, CA 90016, USA",Los Angeles,CA,90016,http://www.greengrounds.com/,60,MEDIUM,HIGH,,,,google_places,,,,
180,Colibri Landscape & Design,(818) 730-7339,4.9,42,"4949 Tyrone Ave, Sherman Oaks, CA 91423, USA",Los Angeles,CA,91423,https://colibrilandscapedesign.com/,60,MEDIUM,HIGH,,,,google_places,,,,
181,A Sandoval Tree Service,(818) 455-3368,4.9,45,"13375 Wingo St, Arleta, CA 91331, USA",Los Angeles,CA,91331,https://www.asandovaltreeservice.com/,60,MEDIUM,HIGH,,,,google_places,,,,
182,Jimmie’s Tree Service Inc.,(562) 423-6202,4.9,39,"Long Beach, CA 90805, USA",Long Beach,CA,90805,http://www.jimmiestreeservice.com/,60,MEDIUM,HIGH,,,,google_places,,,,
183,Artscape Gardens,(323) 510-8305,4.9,37,"4654 Carnegie St, Los Angeles, CA 90032, USA",Los Angeles,CA,90032,http://artscapegardens.com/,60,MEDIUM,HIGH,,,,google_places,,,,
184,HB Landscape Design LLC,(310) 254-0937,4.9,42,"Federal Ave, Los Angeles, CA 90025, USA",Los Angeles,CA,90025,http://www.hblandscapedesign.com/,60,MEDIUM,HIGH,,,,google_places,,,,
185,Lush Gardens Inc,(818) 245-4447,4.9,32,"14622 Ventura Blvd #760, Sherman Oaks, CA 91403, USA",Los Angeles,CA,91403,https://lushgardensinc.com/,60,MEDIUM,HIGH,,,,google_places,,,,
186,Garden Works Landscape Service,(310) 930-5353,5.0,39,"2444 Chelsea Pl, Santa Monica, CA 90404, USA",Santa Monica,CA,90404,http://www.landscapingtreela.com/,60,MEDIUM,HIGH,,,,google_places,,,,
187,Green Splendor Landscaping - Pasadena Landscape & Garden Design,(626) 710-2227,5.0,26,"1963 Santa Rosa Ave, Pasadena, CA 91104, USA",Pasadena,CA,91104,https://greensplendorlandscaping.com/,60,MEDIUM,HIGH,,,,google_places,,,,
188,Lonestar Builders CA,(323) 633-7766,5.0,32,"467 Arnaz Dr, Los Angeles, CA 90048, USA",Los Angeles,CA,90048,https://lonestarbuildersca.com/,60,MEDIUM,HIGH,,,,google_places,,,,
189,Barba Landscape & Design,(310) 877-4008,5.0,40,"710 Marine St, Santa Monica, CA 90405, USA",Santa Monica,CA,90405,https://www.barbalandscapedesign.com/,60,MEDIUM,HIGH,,,,google_places,,,,
190,Hye Turf Designs,(818) 817-1488,5.0,33,"6429 Mammoth Ave, Van Nuys, CA 91401, USA",Los Angeles,CA,91401,https://www.hyeturfdesigns.com/?y_source=1_MTA1MTY2OTI4OS03MTUtbG9jYXRpb24ud2Vic2l0ZQ%3D%3D,60,MEDIUM,HIGH,,,,google_places,,,,
191,Scapes La,(818) 505-3477,5.0,34,"12822 Sherman Way, North Hollywood, CA 91605, USA",Los Angeles,CA,91605,http://scapesla.com/,60,MEDIUM,HIGH,,,,google_places,,,,
192,Serenity Gardening & Landscaping Services,(626) 956-3891,3.9,7,"18654 Altario St, La Puente, CA 91744, USA",La Puente,CA,91744,,60,MEDIUM,HIGH,,,,google_places,,,,
193,Brita's Old Town Gardens,(562) 430-5019,4.2,33,"225 Main St A, Seal Beach, CA 90740, USA",Seal Beach,CA,90740,,60,MEDIUM,HIGH,,,,google_places,,,,
194,California Greenhouses - House Plant Nursery,(949) 552-9619,4.4,34,"3350 Warner Ave, Irvine, CA 92606, USA",Irvine,CA,92606,http://www.calgreenhouses.com/,60,MEDIUM,HIGH,,,,google_places,,,,
195,Paez Tree Service,(714) 926-9413,4.6,42,"1705 S State College Blvd, Anaheim, CA 92806, USA",Anaheim,CA,92806,https://www.paeztreeservice.com/,60,MEDIUM,HIGH,,,,google_places,,,,
196,OC Sprinkler Doctor,(714) 818-9644,4.8,49,"3721 Franklin Ave APT B, Fullerton, CA 92833, USA",Fullerton,CA,92833,http://sprinklerdoctoroc.com/,60,MEDIUM,HIGH,,,,google_places,,,,
197,Peterson's Tree Works Inc,(714) 771-4243,4.9,48,"605 N Rancho Santiago Blvd, Orange, CA 92869, USA",Orange,CA,92869,http://www.petersonstreeworks.com/,60,MEDIUM,HIGH,,,,google_places,,,,
198,Richard Diaz Landscape,(714) 673-2643,4.9,29,"633 N Heatherstone Dr, Orange, CA 92869, USA",Orange,CA,92869,https://richarddiazlandscaping.com/,60,MEDIUM,HIGH,,,,google_places,,,,
199,Mejia’s Tree Service,(909) 236-9836,5.0,26,"1773 Fleming St, Pomona, CA 91766, USA",Pomona,CA,91766,http://mejiastreeservice.com/,60,MEDIUM,HIGH,,,,google_places,,,,
200,Reliable Tree Service,(714) 528-1092,5.0,40,"18032 Lemon Dr #204, Yorba Linda, CA 92886, USA",Yorba Linda,CA,92886,https://www.reliabletreeserv.com/,60,MEDIUM,HIGH,,,,google_places,,,,
201,OC West Landscape,(949) 939-6639,5.0,34,"8583 Irvine Center Dr Suite 370, Irvine, CA 92618, USA",Irvine,CA,92618,http://ocwest.com/,60,MEDIUM,HIGH,,,,google_places,,,,
202,Tavera's Custom Landscape,(714) 396-4552,5.0,47,"2720 E Walnut Ave UNIT 61, Orange, CA 92867, USA",Orange,CA,92867,https://taverascustomlandscape.com/,60,MEDIUM,HIGH,,,,google_places,,,,
203,"W BROTHERS LANDSCAPE, Inc.",(855) 927-6757,5.0,27,"159 N Pixley St, Orange, CA 92868, USA",Orange,CA,92868,http://wbroslandscape.com/,60,MEDIUM,HIGH,,,,google_places,,,,
204,Signature Landscape,(949) 755-8636,4.8,45,"25862 Jamon Ln, Mission Viejo, CA 92691, USA",Mission Viejo,CA,92691,https://www.signaturelandscape.com/,60,MEDIUM,HIGH,,,,google_places,,,,
205,Coastal Arbor Tree Service Inc,(949) 392-3100,5.0,29,"32932 Avenida Descanso #4412, San Juan Capistrano, CA 92675, USA",San Juan Capistrano,CA,92675,https://coastalarbortreeservice.com/,60,MEDIUM,HIGH,,,,google_places,,,,
206,Lucky Smartscape,(833) 243-8999,5.0,30,"999 Corporate Dr Suite 100 #3425, Ladera Ranch, CA 92694, USA",Ladera Ranch,CA,92694,http://luckysmartscape.com/,60,MEDIUM,HIGH,,,,google_places,,,,
207,Lifetime Outdoor Living,(949) 919-0339,5.0,47,"1968 S Coast Hwy Suite 570, Laguna Beach, CA 92651, USA",Laguna Beach,CA,92651,https://lifetimeoutdoorliving.com/,60,MEDIUM,HIGH,,,,google_places,,,,
208,J&M Tree Service Moreno Valley,(951) 524-7131,4.2,5,"12410 Graham St, Moreno Valley, CA 92553, USA",Moreno Valley,CA,92553,http://www.riversidetreecare.com/tree-service-moreno-valley,60,MEDIUM,HIGH,,,,google_places,,,,
209,Pena Nursery,(909) 875-0594,4.2,30,"10545 Spruce Ave, Bloomington, CA 92316, USA",Bloomington,CA,92316,,60,MEDIUM,HIGH,,,,google_places,,,,
210,Meza’s landscaping supplies,(951) 570-0309,4.4,48,"21740 Elmwood St, Perris, CA 92570, USA",Perris,CA,92570,https://www.mesaslandscapingsupplies.com/,60,MEDIUM,HIGH,,,,google_places,,,,
211,"Valley Pacific Landscape, Inc",(951) 741-5146,4.5,26,"11698 Capitol Dr, Riverside, CA 92503, USA",Riverside,CA,92503,https://www.valleypacificlandscapinginc.com/,60,MEDIUM,HIGH,,,,google_places,,,,
212,O&B LANDSCAPE,(951) 732-0369,4.5,30,"2130 N Arrowhead Ave, San Bernardino, CA 92405, USA",San Bernardino,CA,92405,http://www.oblandscape.com/,60,MEDIUM,HIGH,,,,google_places,,,,
213,dthree landscape,(909) 638-9298,4.7,29,"Norco, CA 92860, USA",Norco,CA,92860,http://dthreelandscape.com/,60,MEDIUM,HIGH,,,,google_places,,,,
214,Kens tree Service,(951) 212-0936,4.8,26,"31105 Lakeview Ave E, Nuevo, CA 92567, USA",Nuevo,CA,92567,https://kenstreeservices.com/,60,MEDIUM,HIGH,,,,google_places,,,,
215,Green Sky Irrigation,(951) 259-2100,4.8,37,"682 Spinnaker Dr, Perris, CA 92571, USA",Perris,CA,92571,http://www.greenskyirrigation.com/,60,MEDIUM,HIGH,,,,google_places,,,,
216,Perris Hydroponics,(909) 639-4769,4.8,37,"351 Wilkerson Ave UNIT D, Perris, CA 92570, USA",Perris,CA,92570,https://perrishydroponics.com/,60,MEDIUM,HIGH,,,,google_places,,,,
217,Goodman’s landscape,(951) 238-5042,4.9,36,"24350 Hernandez St, Perris, CA 92570, USA",Perris,CA,92570,https://www.goodmanlandscaping.com/,60,MEDIUM,HIGH,,,,google_places,,,,
218,Modern Landscape,(951) 462-2276,4.9,26,"700 E Redlands Blvd, Redlands, CA 92373, USA",Redlands,CA,92373,https://modernlandscape.net/about-us/,60,MEDIUM,HIGH,,,,google_places,,,,
219,Paz Landscape & Concrete,(951) 785-8274,5.0,35,"6725 Capistrano Way, Riverside, CA 92504, USA",Riverside,CA,92504,http://www.pazlandscape.com/,60,MEDIUM,HIGH,,,,google_places,,,,
220,Lorenzo's Landscaping,(951) 941-3151,5.0,25,"2310 5th St, Riverside, CA 92507, USA",Riverside,CA,92507,http://lorenzo-landscaping.com/,60,MEDIUM,HIGH,,,,google_places,,,,
221,Houston's Landscaping,(909) 521-1272,5.0,44,"29177 Stevens Ave, Moreno Valley, CA 92555, USA",Moreno Valley,CA,92555,https://www.houstons-landscaping.com/,60,MEDIUM,HIGH,,,,google_places,,,,
222,Schubert Landscaping and Irrigation repair,(909) 862-4477,5.0,41,"7745 Boulder Ave, Highland, CA 92346, USA",Highland,CA,92346,http://schubertlandscaping.com/,60,MEDIUM,HIGH,,,,google_places,,,,
223,Cruz Sons Concrete & Tree Service,(909) 515-3230,5.0,30,"18876 Lisa Ln, Perris, CA 92570, USA",Perris,CA,92570,https://www.cruzsonsconcretetreeservice.com/,60,MEDIUM,HIGH,,,,google_places,,,,
224,Green Horizon Landscaping Co,(951) 837-5781,5.0,39,"1784 Auburn Ct, Perris, CA 92570, USA",Perris,CA,92570,https://sopi1.my.canva.site/greenhorizonlandscapingco,60,MEDIUM,HIGH,,,,google_places,,,,
225,JB Landscape,(951) 454-5096,5.0,33,"23106 Claystone Ave, Corona, CA 92883, USA",Corona,CA,92883,http://jblandscapeca.com/,60,MEDIUM,HIGH,,,,google_places,,,,
226,Agustin's Irrigation Service,(619) 670-7933,4.5,30,"10879 Wagon Wheel Dr, Spring Valley, CA 91978, USA",Spring Valley,CA,91978,http://agustinirrigationservice.com/,60,MEDIUM,HIGH,,,,google_places,,,,
227,Ace Mega Succulents,(619) 646-9026,4.6,46,"8070 Mt Vernon St, Lemon Grove, CA 91945, USA",Lemon Grove,CA,91945,http://www.acemegasucculents.com/,60,MEDIUM,HIGH,,,,google_places,,,,
228,Ong Nursery,(858) 277-8167,4.6,49,"2528 Crandall Dr, San Diego, CA 92111, USA",San Diego,CA,92111,http://www.ongnursery.com/index.html,60,MEDIUM,HIGH,,,,google_places,,,,
229,Lowe's,(619) 212-4100,4.6,29,"9416 Mission Gorge Rd, Santee, CA 92071, USA",Santee,CA,92071,https://www.lowes.com/l/gardencenter.html?cm_mmc=YEXT-_-GC,60,MEDIUM,HIGH,,,,google_places,,,,
230,John's Lawn & Garden Landscaping,(619) 852-8458,4.7,47,"4223 Genesee Ave, San Diego, CA 92117, USA",San Diego,CA,92117,https://www.johnslawngarden.com/,60,MEDIUM,HIGH,,,,google_places,,,,
231,ArborSD Tree Service,(858) 609-7034,4.8,29,"3834 Pendiente Ct APT S207, San Diego, CA 92124, USA",San Diego,CA,92124,https://sandiegotreeservice.co/?utm_source=googlebusinessprofile&utm_medium=organic&utm_campaign=Google+Business+Profile,60,MEDIUM,HIGH,,,,google_places,,,,
232,Green Rabbit Professional Lawn Care,(858) 888-2471,4.9,45,"6920 Miramar Rd, San Diego, CA 92121, USA",San Diego,CA,92121,http://greenrabbitlawn.com/,60,MEDIUM,HIGH,,,,google_places,,,,
233,Tijuana Irrigation Supply,664 904 9642,4.9,28,"C. San Ignacio 8532, Campestre Murua, 22455 Tijuana, B.C., Mexico",Campestre Murua,B.C.,22455,http://www.tijuanairrigationsupply.com/,60,MEDIUM,HIGH,,,,google_places,,,,
234,Rock N Block - Turf N Hardscapes - San Diego,(619) 431-4706,5.0,40,"3517 Camino del Rio S #215, San Diego, CA 92108, USA",San Diego,CA,92108,https://rocknblocklandscape.com/locations/san-diego/?utm_campaign=gmb&utm_medium=organic&utm_source=gmb,60,MEDIUM,HIGH,,,,google_places,,,,
235,Stepping Stone Landscape Design,(619) 762-8988,5.0,27,"1455 Frazee Rd Suite 500, San Diego, CA 92108, USA",San Diego,CA,92108,https://steppingstonelandscape.com/,60,MEDIUM,HIGH,,,,google_places,,,,
236,I.B Gardener & Junk Removal Services,(619) 354-8054,5.0,25,"600 Emory St, Imperial Beach, CA 91932, USA",Imperial Beach,CA,91932,https://www.facebook.com/ibgardener?mibextid=ZbWKwL,60,MEDIUM,HIGH,,,,google_places,,,,
237,Coronado Best Turf,(619) 500-8873,5.0,34,"4231 Balboa Ave Suite 1054, San Diego, CA 92117, USA",San Diego,CA,92117,http://www.coronadoturf.com/,60,MEDIUM,HIGH,,,,google_places,,,,
238,HLE Landscape & Design,(619) 320-5197,5.0,26,"8105 Lemon Ave, La Mesa, CA 91941, USA",La Mesa,CA,91941,https://hlelandscapeanddesign.com/,60,MEDIUM,HIGH,,,,google_places,,,,
239,Botanically Crafted Landscapes,(619) 383-4396,5.0,28,"4470 Monahan Rd, La Mesa, CA 91941, USA",La Mesa,CA,91941,http://botanicallycrafted.com/,60,MEDIUM,HIGH,,,,google_places,,,,
240,Aldape G Landscaping Inc,(619) 646-1046,5.0,27,"6435 Tooley St, San Diego, CA 92114, USA",San Diego,CA,92114,https://aldapeglandscaping.com/,60,MEDIUM,HIGH,,,,google_places,,,,
241,San Diego Worm Farm,(619) 933-7117,5.0,44,"6649 Richard St, San Diego, CA 92115, USA",San Diego,CA,92115,http://sandiegowormfarm.com/,60,MEDIUM,HIGH,,,,google_places,,,,
242,Reveles Landscaping & Tree Service,(818) 233-4816,4.2,5,"750 N San Vicente Blvd, West Hollywood, CA 90069, USA",West Hollywood,CA,90069,https://www.revelesenterprises.com/revelesexteriors,60,MEDIUM,HIGH,,,,google_places,,,,
243,Temple Garden Center,(626) 452-0133,4.2,37,"11314 Lower Azusa Rd, El Monte, CA 91732, USA",El Monte,CA,91732,,60,MEDIUM,HIGH,,,,google_places,,,,
244,Shalbro Construction & Roofing,(323) 433-6784,5.0,31,"907 Flower St, Los Angeles, CA 90015, USA",Los Angeles,CA,90015,https://www.shalbroconstructionandroofing.com/,60,MEDIUM,HIGH,,,,google_places,,,,
245,Garden Worx Inc.,(626) 383-5682,5.0,31,"Calais st, Baldwin Park, CA 91706, USA",Baldwin Park,CA,91706,http://www.gardenworxlandscapes.com/,60,MEDIUM,HIGH,,,,google_places,,,,
246,Peter's Garden Center,(310) 372-2288,4.8,42,"814 N Pacific Coast Hwy, Redondo Beach, CA 90277, USA",Redondo Beach,CA,90277,https://www.instagram.com/petersgardencenter/,60,MEDIUM,HIGH,,,,google_places,,,,
247,Hawthorne Tree Service,(310) 598-3574,4.9,30,"11719 Wilkie Ave, Hawthorne, CA 90250, USA",Hawthorne,CA,90250,https://www.hawthornetreeservice.com/,60,MEDIUM,HIGH,,,,google_places,,,,
248,Toro Nursery,(310) 715-1982,4.9,48,"17585 Crenshaw Blvd, Torrance, CA 90504, USA",Torrance,CA,90504,http://toronursery.com/,60,MEDIUM,HIGH,,,,google_places,,,,
249,Finley's Tree & Landcare,(310) 326-9818,5.0,44,"1209 W 228th St, Torrance, CA 90502, USA",Torrance,CA,90502,https://www.finleystreeandlandcare.com/,60,MEDIUM,HIGH,,,,google_places,,,,
250,Maverick Drains,(323) 742-4665,5.0,35,"10516 Main St, Los Angeles, CA 90003, USA",Los Angeles,CA,90003,http://www.maverickdraininc.com/,60,MEDIUM,HIGH,,,,google_places,,,,
251,JLG Tree Service - Tree Removal OC,(714) 770-1850,4.9,49,"1440 S State College Blvd Suite 3D, Anaheim, CA 92806, USA",Anaheim,CA,92806,https://www.jlgtreeservice.com/,60,MEDIUM,HIGH,,,,google_places,,,,
252,Vargas Tree Services Inc,(714) 630-5337,4.9,32,"1035 S Chantilly St, Anaheim, CA 92806, USA",Anaheim,CA,92806,http://www.vargastreeservice.com/,60,MEDIUM,HIGH,,,,google_places,,,,
253,"Black Diamond Paver Stones & Landscape, Inc.",(949) 352-4759,4.9,35,"7545 Irvine Center Dr Ste 200, Irvine, CA 92618, USA",Irvine,CA,92618,https://blackdiamondlandscape.com/orange-county/?utm_source=Google&utm_medium=GMB&utm_campaign=OrangeCountyIrvine,60,MEDIUM,HIGH,,,,google_places,,,,
254,Simple Outdoor Living,(714) 388-5878,4.9,45,"17875 Von Karman Ave suit 150, Irvine, CA 92614, USA",Irvine,CA,92614,http://www.simpleoutdoorliving.com/,60,MEDIUM,HIGH,,,,google_places,,,,
255,Garden Awakenings,(626) 295-1620,4.9,37,"458 W Monterey Ave, Pomona, CA 91768, USA",Pomona,CA,91768,http://gardenawakeningsllc.squarespace.com/,60,MEDIUM,HIGH,,,,google_places,,,,
256,South County Landscapes,(949) 637-1159,4.9,42,"31221 Calle Del Campo, San Juan Capistrano, CA 92675, USA",San Juan Capistrano,CA,92675,https://southcountylandscapes.com/,60,MEDIUM,HIGH,,,,google_places,,,,
257,Standard Design Group Nursery Partnership with Highland Garden Center,(805) 515-4315,4.5,47,"600 E 19th St, Upland, CA 91784, USA",Upland,CA,91784,http://www.thestandarddesigngroup.com/,60,MEDIUM,HIGH,,,,google_places,,,,
258,Natural Earth Sustainable Landscape & Design,(909) 398-1235,4.6,32,"1420 N Claremont Blvd #200-C, Claremont, CA 91711, USA",Claremont,CA,91711,https://naturalearthla.com/,60,MEDIUM,HIGH,,,,google_places,,,,
259,Norens Nursery,(909) 331-6133,4.7,41,"201 W Bonita Ave, Claremont, CA 91711, USA",Claremont,CA,91711,http://norensnursery.com/,60,MEDIUM,HIGH,,,,google_places,,,,
260,Garrison Foothill Nursery,(909) 949-9878,4.9,28,"679 E 16th St, Upland, CA 91784, USA",Upland,CA,91784,http://socalflora.com/,60,MEDIUM,HIGH,,,,google_places,,,,
261,Bentson Landscape,(909) 480-9477,5.0,26,"W 24th St, Upland, CA 91784, USA",Upland,CA,91784,https://bentsonlandscape.com/,60,MEDIUM,HIGH,,,,google_places,,,,
262,SoCal Nursery,(951) 295-3525,4.2,31,"9312 Ben Nevis Blvd, Riverside, CA 92509, USA",Riverside,CA,92509,,60,MEDIUM,HIGH,,,,google_places,,,,
263,Garden Center @ The Home Depot,(949) 646-4220,4.5,18,"2300 Harbor Blvd, Costa Mesa, CA 92626, USA",Costa Mesa,CA,92626,https://www.homedepot.com/l/Costa-Mesa/CA/Costa-Mesa/92626/6664/garden-center?emt=GCGMBGoogleMaps,55,MEDIUM,MEDIUM,,,,google_places,,,,
264,Pacific Coast Landscaping,(714) 773-4865,4.6,19,"3730 W Commonwealth Ave, Fullerton, CA 92833, USA",Fullerton,CA,92833,http://www.pacificcoastlandscaping.com/,55,MEDIUM,MEDIUM,,,,google_places,,,,
265,Brothers Landscape Services,(714) 683-4173,4.6,10,"838 Marian Way, Anaheim, CA 92804, USA",Anaheim,CA,92804,http://brotherslandscapeoc.com/,55,MEDIUM,MEDIUM,,,,google_places,,,,
266,Lakewood Nursery,(714) 828-9464,4.6,119,"4114 Lincoln Ave, Cypress, CA 90630, USA",Cypress,CA,90630,,55,MEDIUM,MEDIUM,,,,google_places,,,,
267,Supergreen Landscape,(323) 930-1572,4.7,12,"1838 S La Brea Ave, Los Angeles, CA 90019, USA",Los Angeles,CA,90019,http://supergreenlandscape.com/,55,MEDIUM,MEDIUM,,,,google_places,,,,
268,Firestone Nursery,(323) 385-8945,4.7,22,"1990 Firestone Blvd, Los Angeles, CA 90001, USA",Los Angeles,CA,90001,https://firestonenursery.top/,55,MEDIUM,MEDIUM,,,,google_places,,,,
269,West Hollywood Landscaping & Hardscaping,(818) 646-4197,4.8,88,"750 N San Vicente Blvd, West Hollywood, CA 90069, USA",West Hollywood,CA,90069,,55,MEDIUM,MEDIUM,,,,google_places,,,,
270,Cortez Tree Service and Landscaping,(626) 327-6574,4.8,18,"1107 E Larkwood St, West Covina, CA 91790, USA",West Covina,CA,91790,https://www.corteztreesvce.com/,55,MEDIUM,MEDIUM,,,,google_places,,,,
271,REYNOSO TREE SERVICE LLC- Reliable Tree Service - Hawthorne,(424) 207-6878,4.8,20,"12700 S Inglewood Ave # 2222, Hawthorne, CA 90251, USA",Hawthorne,CA,90251,http://reynosotreeservicellc.com/,55,MEDIUM,MEDIUM,,,,google_places,,,,
272,Shades of Green Tree Service,(626) 523-3000,4.8,15,"5024 Tierra Antigua Dr, Whittier, CA 90601, USA",Whittier,CA,90601,http://shadesofgreentreeservice.com/,55,MEDIUM,MEDIUM,,,,google_places,,,,
273,Bamboo Nursery & Garden Supplies,(310) 635-1590,4.9,18,"15600 Atlantic Ave, Compton, CA 90221, USA",Compton,CA,90221,https://www.instagram.com/bamboo_nursery/profilecard/?igsh=NTc4MTIwNjQ2YQ==,55,MEDIUM,MEDIUM,,,,google_places,,,,
274,Ruelas Landscaping Inc.,(323) 919-2918,5.0,20,"3336 S La Cienega Blvd Unit 122, Los Angeles, CA 90016, USA",Los Angeles,CA,90016,http://www.ruelaslandscaping.com/,55,MEDIUM,MEDIUM,,,,google_places,,,,
275,"Rivera Tree Service, Inc.",(626) 392-7419,5.0,24,"1239 Millbury Ave, La Puente, CA 91746, USA",La Puente,CA,91746,https://www.riveratreeserviceinc.com/,55,MEDIUM,MEDIUM,,,,google_places,,,,
276,M&M Tree Service Inc.,(626) 322-4994,5.0,21,"14110 Barrydale St, La Puente, CA 91746, USA",La Puente,CA,91746,http://mmtreeserviceinc.com/,55,MEDIUM,MEDIUM,,,,google_places,,,,
277,AJP LANDSCAPE INC,(323) 420-7758,5.0,19,"4828 St Charles Pl, Los Angeles, CA 90019, USA",Los Angeles,CA,90019,http://www.ajplandscape.com/,55,MEDIUM,MEDIUM,,,,google_places,,,,
278,San Agustin Landscape,(323) 316-5979,5.0,18,"3655 Torrance Blvd STE 300, Torrance, CA 90503, USA",Torrance,CA,90503,https://sanagustinlandscape.com/,55,MEDIUM,MEDIUM,,,,google_places,,,,
279,Ramirez Growers,(310) 291-7308,5.0,22,"19881 Bloomfield Ave, Cerritos, CA 90703, USA",Cerritos,CA,90703,https://ramirezgrowers.com/,55,MEDIUM,MEDIUM,,,,google_places,,,,
280,La Crescenta Nursery,(818) 249-2448,4.5,70,"3654 La Crescenta Ave, Glendale, CA 91208, USA",Glendale,CA,91208,,55,MEDIUM,MEDIUM,,,,google_places,,,,
281,"Orta Garden Supply, Inc. (Nursery)",(424) 258-6104,4.5,102,"3848 Sepulveda Blvd, Culver City, CA 90230, USA",Culver City,CA,90230,,55,MEDIUM,MEDIUM,,,,google_places,,,,
282,LawnStarter Landscaping,(424) 324-2113,4.9,11,"1540 Vine St Apartment 346, Los Angeles, CA 90028, USA",Los Angeles,CA,90028,https://www.lawnstarter.com/los-angeles-ca-landscaping?utm_source=google&utm_medium=GLocal&utm_campaign=LosAngelesLocal,55,MEDIUM,MEDIUM,,,,google_places,,,,
283,Lynwood Tree Service,(310) 997-4485,4.9,18,"3576 Mulford Ave, Lynwood, CA 90262, USA",Lynwood,CA,90262,https://www.lynwoodtreeservice.com/,55,MEDIUM,MEDIUM,,,,google_places,,,,
284,Burbank Irrigation Supply,(818) 561-4000,4.9,12,"300 N Victory Blvd, Burbank, CA 91502, USA",Burbank,CA,91502,http://burbankirrigationsupply.com/,55,MEDIUM,MEDIUM,,,,google_places,,,,
285,Royal Tree Services,(818) 477-7030,5.0,10,"10610 Rhodesia Ave, Sunland, CA 91040, USA",Los Angeles,CA,91040,https://www.royaltrees.net/,55,MEDIUM,MEDIUM,,,,google_places,,,,
286,"Black Diamond Paver Stones & Landscape, Inc.",(626) 800-3504,5.0,10,"155 N Lake Ave #800, Pasadena, CA 91101, USA",Pasadena,CA,91101,https://blackdiamondlandscape.com/pasadena/?utm_source=Google&utm_medium=GMB&utm_campaign=Pasadena,55,MEDIUM,MEDIUM,,,,google_places,,,,
287,Creative Concepts Landscape Management,(818) 248-7436,5.0,14,"2434 Mountain Ave, La Crescenta-Montrose, CA 91214, USA",La Crescenta-Montrose,CA,91214,https://www.creativeconceptsla.com/,55,MEDIUM,MEDIUM,,,,google_places,,,,
288,All County Landscape-Hardscape,(888) 720-3316,5.0,23,"18375 Ventura Blvd #453, Tarzana, CA 91356, USA",Los Angeles,CA,91356,http://landscape-hardscape.com/,55,MEDIUM,MEDIUM,,,,google_places,,,,
289,Green Essence Tree and Landscape Inc.,(818) 486-3916,5.0,12,"10818 Tuxford Pl, Sun Valley, CA 91352, USA",Los Angeles,CA,91352,https://www.greenessencetreeandlandscape.com/,55,MEDIUM,MEDIUM,,,,google_places,,,,
290,Orange Coast College: Horticulture Garden Lab,(714) 432-0202 ext. 22868,4.5,13,"Adams Ave, Costa Mesa, CA 92626, USA",Costa Mesa,CA,92626,https://orangecoastcollege.edu/academics/math-sciences/horticulture/,55,MEDIUM,MEDIUM,,,,google_places,,,,
291,Rocha Landscaping,(949) 285-7485,4.6,19,"6145 Chino Ave, Chino, CA 91710, USA",Chino,CA,91710,http://rocha-landscaping.com/,55,MEDIUM,MEDIUM,,,,google_places,,,,
292,Forest tree care inc.,(909) 568-6919,4.8,14,"6180 Riverside Dr Ste C # 24, Chino, CA 91710, USA",Chino,CA,91710,https://foresttreecareinc.net/,55,MEDIUM,MEDIUM,,,,google_places,,,,
293,Evergreen Nursery,(714) 537-8877,4.8,69,"8592 Garden Grove Blvd, Garden Grove, CA 92844, USA",Garden Grove,CA,92844,,55,MEDIUM,MEDIUM,,,,google_places,,,,
294,King's Tree Service,(626) 221-6471,4.9,11,"2232 Kathryn Ave, Pomona, CA 91766, USA",Pomona,CA,91766,https://www.kingstreeservice.net/,55,MEDIUM,MEDIUM,,,,google_places,,,,
295,Goldenwest Landscaping,(949) 573-2352,5.0,14,"3012 Enterprise St, Costa Mesa, CA 92626, USA",Costa Mesa,CA,92626,http://goldenwestlandscaping.com/,55,MEDIUM,MEDIUM,,,,google_places,,,,
296,A & S Tree Service,(714) 718-4381,5.0,20,"142 N Holly St, Orange, CA 92868, USA",Orange,CA,92868,http://www.aandstreeservice.site/,55,MEDIUM,MEDIUM,,,,google_places,,,,
297,Aguilar Tree Service,(909) 510-0053,5.0,14,"12992 Renato Ct, Chino, CA 91710, USA",Chino,CA,91710,https://aguilartreeservice.co/,55,MEDIUM,MEDIUM,,,,google_places,,,,
298,Steven's Garden,(949) 481-2632,4.8,19,"28792 Camino Capistrano, Mission Viejo, CA 92675, USA",Mission Viejo,CA,92675,http://stevensgardens.store/,55,MEDIUM,MEDIUM,,,,google_places,,,,
299,Land Disview,(949) 569-5887,5.0,20,"24172 Landisview Ave, Lake Forest, CA 92630, USA",Lake Forest,CA,92630,https://landdisview.com/,55,MEDIUM,MEDIUM,,,,google_places,,,,
300,Robyn's Original Landscapes,(949) 630-3312,5.0,19,"30025 Alicia Pkwy #231, Laguna Niguel, CA 92677, USA",Laguna Niguel,CA,92677,http://www.robynsoriginal.com/,55,MEDIUM,MEDIUM,,,,google_places,,,,
301,Vazquez Nursery,(657) 204-9635,5.0,15,"17191 Beach Blvd, Huntington Beach, CA 92647, USA",Huntington Beach,CA,92647,https://www.vazqueznursery.com/,55,MEDIUM,MEDIUM,,,,google_places,,,,
302,Gaspar Landscaping & Tree Service,(951) 264-5966,4.3,18,"4366 Angelo St, Riverside, CA 92507, USA",Riverside,CA,92507,https://riverside-calandscaper.com/,55,MEDIUM,MEDIUM,,,,google_places,,,,
303,Al and Sons Tree Service,(951) 737-6847,4.5,15,"18800 My Hwy, Corona, CA 92881, USA",Corona,CA,92881,https://alandsonstreeservice.com/,55,MEDIUM,MEDIUM,,,,google_places,,,,
304,Clements Landscape and Pool Construction,(909) 481-3265,4.6,18,"8082 Surrey Ln, Rancho Cucamonga, CA 91701, USA",Rancho Cucamonga,CA,91701,https://clementslandscape.com/?utm_source=google&utm_medium=organic&utm_campaign=gbp,55,MEDIUM,MEDIUM,,,,google_places,,,,
305,1 Neat Landscaping lawn maintenance n tree services,(951) 732-5484,4.7,12,"17130 Van Buren Boulevard Unit #820, Riverside, CA 92504, USA",Riverside,CA,92504,https://1neatlawnandlandscaping.com/,55,MEDIUM,MEDIUM,,,,google_places,,,,
306,Bella Park Inc.,(951) 226-5070,4.8,23,"4160 Temescal Canyon Rd Suite 401, Corona, CA 92883, USA",Corona,CA,92883,https://bellaparkinc.com/,55,MEDIUM,MEDIUM,,,,google_places,,,,
307,Menifee Gardening & Sprinkler Repair,(951) 821-0189,4.8,144,"30864 Sunset Lake Cir, Menifee, CA 92584, USA",Menifee,CA,92584,,55,MEDIUM,MEDIUM,,,,google_places,,,,
308,Alejandros Tree Service,(909) 694-8945,4.9,182,"1073 N Sandalwood Ave, Rialto, CA 92376, USA",Rialto,CA,92376,,55,MEDIUM,MEDIUM,,,,google_places,,,,
309,M1 Landscaping LLC,(714) 439-9463,5.0,13,"1411 Rimpau Ave Ste 109, Corona, CA 92879, USA",Corona,CA,92879,https://m1landscapingllc.com/,55,MEDIUM,MEDIUM,,,,google_places,,,,
310,Lawn Care 4 U & Landscaping,(951) 548-4002,5.0,17,"Orange St, Riverside, CA 92501, USA",Riverside,CA,92501,https://meek-speculoos-d93c9f.netlify.app/,55,MEDIUM,MEDIUM,,,,google_places,,,,
311,Tree Service of Rancho Cucamonga,(909) 279-5191,5.0,21,"5845 Beryl St, Rancho Cucamonga, CA 91737, USA",Rancho Cucamonga,CA,91737,https://hlstreeservice.com/,55,MEDIUM,MEDIUM,,,,google_places,,,,
312,Tree Service of Fontana,(909) 900-7961,5.0,19,"15124 Macadamia Ct, Fontana, CA 92335, USA",Fontana,CA,92335,https://treeserviceoffontana.com/,55,MEDIUM,MEDIUM,,,,google_places,,,,
313,Millennial Landscape,(323) 441-5129,5.0,14,"6433 Etiwanda Ave, Jurupa Valley, CA 91752, USA",Jurupa Valley,CA,91752,https://millennialscape.com/,55,MEDIUM,MEDIUM,,,,google_places,,,,
314,Save Aqua Landscapes LLC,(909) 276-8957,5.0,13,"8977 Foothill Blvd STE D, Rancho Cucamonga, CA 91730, USA",Rancho Cucamonga,CA,91730,https://saveaqulandscaping.org/,55,MEDIUM,MEDIUM,,,,google_places,,,,
315,Andrew Landscape & Construction INC,(951) 780-1222,5.0,10,"14365 Laurel Dr, Riverside, CA 92503, USA",Riverside,CA,92503,https://andrewlandscape.com/,55,MEDIUM,MEDIUM,,,,google_places,,,,
316,Adam Hall's Garden Center,(951) 538-2730,5.0,20,"28095 Alessandro Blvd, Moreno Valley, CA 92555, USA",Moreno Valley,CA,92555,http://adamhallsnursery.com/,55,MEDIUM,MEDIUM,,,,google_places,,,,
317,Joel's Tree Service,(619) 636-9041,4.5,18,"1465 Platano Ct, Chula Vista, CA 91911, USA",Chula Vista,CA,91911,http://www.joelstreeservice.net/,55,MEDIUM,MEDIUM,,,,google_places,,,,
318,"Quetzal Landscapes, Inc.",(858) 222-1454,4.6,11,"7710 Balboa Ave #308, San Diego, CA 92111, USA",San Diego,CA,92111,https://www.quetzallandscapes.com/,55,MEDIUM,MEDIUM,,,,google_places,,,,
319,Blue Monarch,(619) 908-9696,4.7,23,"3128 Martin Ave, San Diego, CA 92113, USA",San Diego,CA,92113,https://bluemonarchcorp.com/,55,MEDIUM,MEDIUM,,,,google_places,,,,
320,El Centro Artesano,(619) 297-2931,4.7,74,"2637 San Diego Ave, San Diego, CA 92110, USA",San Diego,CA,92110,,55,MEDIUM,MEDIUM,,,,google_places,,,,
321,Green Planet Tree Service,(619) 771-8787,4.9,55,"659 Ellen Ln, El Cajon, CA 92019, USA",El Cajon,CA,92019,,55,MEDIUM,MEDIUM,,,,google_places,,,,
322,DTS General Services LLC - Home Improvements,(619) 863-3315,4.9,68,"1232 Tangelos Pl, Lemon Grove, CA 91945, USA",Lemon Grove,CA,91945,,55,MEDIUM,MEDIUM,,,,google_places,,,,
323,Llitoquii Plants,(858) 284-7773,4.9,17,"2935 Ulric St, San Diego, CA 92111, USA",San Diego,CA,92111,https://llitoquiiplants.com/,55,MEDIUM,MEDIUM,,,,google_places,,,,
324,El Jardín de Frida.,664 202 2969,4.9,22,"Fresnillo 2783-B, Col. Madero (Cacho), 22040 Tijuana, B.C., Mexico",Colonia Madero (Cacho),B.C.,22040,https://www.facebook.com/eljardindefridatj,55,MEDIUM,MEDIUM,,,,google_places,,,,
325,Go Greens Clean,(858) 977-1818,5.0,15,"6453 Reflection Dr, San Diego, CA 92124, USA",San Diego,CA,92124,https://gogreensclean.com/,55,MEDIUM,MEDIUM,,,,google_places,,,,
326,San Diego Tree Care,(858) 530-8733,5.0,11,"9984 Scripps Ranch Blvd #303, San Diego, CA 92131, USA",San Diego,CA,92131,http://sandiegotreecare.com/,55,MEDIUM,MEDIUM,,,,google_places,,,,
327,Green Synthetic Pros,(619) 565-9513,5.0,17,"8924 Troy St, Spring Valley, CA 91977, USA",Spring Valley,CA,91977,https://greensyntheticpros.com/?utm_campaign=gmb,55,MEDIUM,MEDIUM,,,,google_places,,,,
328,Viva Las Plantas Shop,664 484 1123,5.0,19,"P.º Ensenada 121-local 14 Sec, Playas de Tijuana, Terrazas de Mendoza, 22205 Tijuana, B.C., Mexico",Terrazas de Mendoza,B.C.,22205,http://www.vivalasplantas.com/,55,MEDIUM,MEDIUM,,,,google_places,,,,
329,Echo Garden Nursery,(323) 274-4126,4.3,106,"4515 York Blvd, Los Angeles, CA 90041, USA",Los Angeles,CA,90041,,55,MEDIUM,MEDIUM,,,,google_places,,,,
330,Stratton Paving and Masonry,(818) 394-8965,4.8,76,"12457 Ventura Blvd #342, Studio City, CA 91604, USA",Los Angeles,CA,91604,,55,MEDIUM,MEDIUM,,,,google_places,,,,
331,Nature's Tree Service,(626) 695-3430,4.9,15,"715 N Hyacinth Ave, West Covina, CA 91791, USA",West Covina,CA,91791,https://www.naturestreeservice.com/,55,MEDIUM,MEDIUM,,,,google_places,,,,
332,Green Thumb Gardens,(310) 327-7851,4.5,20,"844 N Lucia Ave, Redondo Beach, CA 90277, USA",Redondo Beach,CA,90277,http://www.farmtolawn.com/,55,MEDIUM,MEDIUM,,,,google_places,,,,
333,Edgar Landscaping,(562) 200-1252,4.6,21,"1058 N Ravenna Ave, Wilmington, CA 90744, USA",Los Angeles,CA,90744,http://www.edgarlandscapingservices.com/,55,MEDIUM,MEDIUM,,,,google_places,,,,
334,Yamada Company Inc,(310) 327-5668,4.6,153,"706 W Gardena Blvd, Gardena, CA 90247, USA",Gardena,CA,90247,,55,MEDIUM,MEDIUM,,,,google_places,,,,
335,O'Neill Masonry and Asphalt,(424) 309-7990,4.8,58,"21707 Hawthorne Blvd #307, Torrance, CA 90503, USA",Torrance,CA,90503,,55,MEDIUM,MEDIUM,,,,google_places,,,,
336,Ewing Outdoor Supply,(310) 782-7821,4.9,18,"20526 Gramercy Pl, Torrance, CA 90501, USA",Torrance,CA,90501,http://www.ewingoutdoorsupply.com/,55,MEDIUM,MEDIUM,,,,google_places,,,,
337,Torrance Community Gardens,(310) 781-7520,4.9,15,"4045 190th St, Torrance, CA 90504, USA",Torrance,CA,90504,https://www.torranceca.gov/our-city/cultural-services/community-gardens,55,MEDIUM,MEDIUM,,,,google_places,,,,
338,HERNANDEZ LAND AND HARDSCAPING,(562) 661-0809,5.0,20,"1428 Chestnut Ave, Long Beach, CA 90813, USA",Long Beach,CA,90813,https://www.hlandscapin.com/,55,MEDIUM,MEDIUM,,,,google_places,,,,
339,JN Arbor Care,(310) 674-8888,5.0,11,"904 W Hyde Park Blvd, Inglewood, CA 90302, USA",Inglewood,CA,90302,https://jnarborcare.com/,55,MEDIUM,MEDIUM,,,,google_places,,,,
340,Terrebonne Projects Inc,(424) 625-8035,5.0,12,"2801 Ocean Park Blvd #1093, Santa Monica, CA 90405, USA",Santa Monica,CA,90405,https://www.terre-bonne.com/,55,MEDIUM,MEDIUM,,,,google_places,,,,
341,DreamWork Landscape,(310) 973-2100,5.0,14,"3126 Pacific Coast Hwy, Torrance, CA 90505, USA",Torrance,CA,90505,https://www.dreamworklandscape.com/contact/,55,MEDIUM,MEDIUM,,,,google_places,,,,
342,Arboreal Tree Trimming Irvine,(714) 699-9151,4.9,19,"15333 Culver Dr 2287 Ste 340, Irvine, CA 92604, USA",Irvine,CA,92604,https://www.treeserviceirvineca.com/,55,MEDIUM,MEDIUM,,,,google_places,,,,
343,Lawn Master OC,(714) 970-5296,5.0,22,"500 S Acacia Ave, Fullerton, CA 92831, USA",Fullerton,CA,92831,https://lawnmasteroc.com/,55,MEDIUM,MEDIUM,,,,google_places,,,,
344,So Cal Tree Trimming Inc.,(714) 507-6376,5.0,24,"925 S Arden Pl, Anaheim, CA 92802, USA",Anaheim,CA,92802,https://socaltreetrimming.godaddysites.com/,55,MEDIUM,MEDIUM,,,,google_places,,,,
345,MTC Landscape Contractor,(951) 294-0420,4.7,12,"23152 Via Campo Verde, Laguna Woods, CA 92637, USA",Laguna Woods,CA,92637,http://www.mtccompanies.com/,55,MEDIUM,MEDIUM,,,,google_places,,,,
346,Dana Point Nursery,(949) 496-5137,4.7,68,"34100 Pacific Coast Hwy, Dana Point, CA 92629, USA",Dana Point,CA,92629,,55,MEDIUM,MEDIUM,,,,google_places,,,,
347,Artisan Outdoor,(949) 390-8181,4.8,17,"1653 B, Superior Ave, Costa Mesa, CA 92627, USA",Costa Mesa,CA,92627,https://artisanoutdoor.com/,55,MEDIUM,MEDIUM,,,,google_places,,,,
348,Luis Hernandez Landscaping,(949) 514-3624,5.0,20,"1180 S Belhaven St, Anaheim, CA 92806, USA",Anaheim,CA,92806,http://lhernandezlandscaping.com/,55,MEDIUM,MEDIUM,,,,google_places,,,,
349,Southcal Landscape Corporation,(657) 205-6490,5.0,11,"1300 Adams Ave Unit 16F, Costa Mesa, CA 92626, USA",Costa Mesa,CA,92626,https://south-cal-landscape.com/,55,MEDIUM,MEDIUM,,,,google_places,,,,
350,MBros Pool Construction,(714) 392-1784,5.0,11,"2230 W Chapman Ave, Orange, CA 92868, USA",Orange,CA,92868,https://www.mbrospoolconstruction.com/?utm_source=google&utm_medium=gbp,55,MEDIUM,MEDIUM,,,,google_places,,,,
351,Caliscapes OC,(714) 348-4808,5.0,21,"11891 Hewes St Apt A, Orange, CA 92869, USA",Orange,CA,92869,http://www.caliscapesoc.com/,55,MEDIUM,MEDIUM,,,,google_places,,,,
352,I M Landscaping,(909) 236-6607,4.3,12,"9844 Galena Ave, Montclair, CA 91763, USA",Montclair,CA,91763,https://imlandscapingtree.com/,55,MEDIUM,MEDIUM,,,,google_places,,,,
353,Guerrero’s Gardening,(840) 345-3750,5.0,17,"668 Laurel Ave, Pomona, CA 91768, USA",Pomona,CA,91768,http://dguerrero0816.wixsite.com/guerreros,55,MEDIUM,MEDIUM,,,,google_places,,,,
354,Mercado's Nursery Corp,(909) 823-3774,4.5,71,"9790 59th St, Jurupa Valley, CA 91752, USA",Jurupa Valley,CA,91752,,55,MEDIUM,MEDIUM,,,,google_places,,,,
355,Highland - Landscaping South El Monte,(626) 569-7433,4.3,6,"1230 Santa Anita Ave, South El Monte, CA 91733, USA",South El Monte,CA,91733,https://www.ziprecruiter.com/,50,MEDIUM,MEDIUM,,,,google_places,,,,
356,Gill Hardscape,(562) 276-8910,4.4,7,"201 College Park Dr, Seal Beach, CA 90740, USA",Seal Beach,CA,90740,http://www.gillhardscape.com/contact.htm,50,MEDIUM,MEDIUM,,,,google_places,,,,
357,Pacific Coast Pavers,(949) 701-2888,4.7,9,"1585 Berenice Dr, Brea, CA 92821, USA",Brea,CA,92821,https://pcpavers.com/,50,MEDIUM,MEDIUM,,,,google_places,,,,
358,Maztek Landscaping,(562) 376-1691,5.0,8,"5408 Woodruff Ave, Lakewood, CA 90713, USA",Lakewood,CA,90713,http://mazteklandscape.com/,50,MEDIUM,MEDIUM,,,,google_places,,,,
359,Diaz Landscaping Services,(323) 683-8082,5.0,5,"1865 1/2 W 25th St, Los Angeles, CA 90018, USA",Los Angeles,CA,90018,https://www.diaz-landscaping.com/,50,MEDIUM,MEDIUM,,,,google_places,,,,
360,Joaquin’s Landscaping,(323) 592-1098,5.0,6,"2328 1/2 Carmona Ave, Los Angeles, CA 90016, USA",Los Angeles,CA,90016,http://joaquinslandscaping.com/,50,MEDIUM,MEDIUM,,,,google_places,,,,
361,4Ever Green Landscape,(714) 723-8222,5.0,7,"17232 Oak Ln, Huntington Beach, CA 92647, USA",Huntington Beach,CA,92647,http://landscape4ever.com/,50,MEDIUM,MEDIUM,,,,google_places,,,,
362,GW Tree Service,(562) 360-2396,5.0,6,"12544 Persing Dr, Whittier, CA 90606, USA",Whittier,CA,90606,https://treeservicegw.com/,50,MEDIUM,MEDIUM,,,,google_places,,,,
363,East LA Tree Service,(323) 970-3006,5.0,6,"4557 E 3rd St, Los Angeles, CA 90022, USA",Los Angeles,CA,90022,https://www.eastlosangelestreeservice.com/,50,MEDIUM,MEDIUM,,,,google_places,,,,
364,Fullerton Landscapers,(657) 441-0348,5.0,6,"1440 N Harbor Blvd #900, Fullerton, CA 92835, USA",Fullerton,CA,92835,https://fullertonlandscapers.com/,50,MEDIUM,MEDIUM,,,,google_places,,,,
365,Mark Talmo Landscape,(714) 391-6618,5.0,8,"8762 Charford Dr, Huntington Beach, CA 92646, USA",Huntington Beach,CA,92646,http://www.marktalmolandscape.com/,50,MEDIUM,MEDIUM,,,,google_places,,,,
366,United Garden and Wholesale Inc,(818) 922-2004,4.3,41,"7561 Woodman Pl #1545, Van Nuys, CA 91405, USA",Los Angeles,CA,91405,,50,MEDIUM,MEDIUM,,,,google_places,,,,
367,L.A. Los Primos Landscaping,(323) 519-3752,4.4,9,"1212 S Amantha Ave, Compton, CA 90220, USA",Compton,CA,90220,https://onebrisco.wixsite.com/losangeleslosprimosl,50,MEDIUM,MEDIUM,,,,google_places,,,,
368,BA True Gardens,(213) 327-8696,4.4,8,"1532 W 54th St, Los Angeles, CA 90062, USA",Los Angeles,CA,90062,https://batruegardenslandscape.com/,50,MEDIUM,MEDIUM,,,,google_places,,,,
369,Garden Center,(818) 352-4466,4.8,5,"6324 Foothill Blvd, Tujunga, CA 91042, USA",Los Angeles,CA,91042,http://www.doitcenter.com/,50,MEDIUM,MEDIUM,,,,google_places,,,,
370,"Green Republic Landscapes, Inc.",(818) 616-1860,4.9,8,"13743 Ventura Blvd #220, Sherman Oaks, CA 91423, USA",Los Angeles,CA,91423,https://www.greenrepubliclandscapes.com/?utm_source=google&utm_medium=mybusiness,50,MEDIUM,MEDIUM,,,,google_places,,,,
371,Go Green Us Landscaping,(323) 328-2320,5.0,6,"821 N Humphreys Ave, East Los Angeles, CA 90022, USA",East Los Angeles,CA,90022,https://gogreenuslandscaping.com/,50,MEDIUM,MEDIUM,,,,google_places,,,,
372,North Hollywood Landscapers,(213) 589-2691,5.0,7,"6240 Laurel Canyon Blvd ste 110, North Hollywood, CA 91606, USA",Los Angeles,CA,91606,https://northhollywoodlandscapers.com/,50,MEDIUM,MEDIUM,,,,google_places,,,,
373,CHAMAN Inc.,(424) 204-3879,5.0,6,"4344 W 178th St, Torrance, CA 90504, USA",Torrance,CA,90504,http://www.chamaninc.com/,50,MEDIUM,MEDIUM,,,,google_places,,,,
374,Glendale Landscapers,(747) 209-1704,5.0,7,"655 N Central Ave #1700, Glendale, CA 91203, USA",Glendale,CA,91203,https://glendalelandscapers.net/,50,MEDIUM,MEDIUM,,,,google_places,,,,
375,Orange County Sprinkler Repair,(714) 313-8911,4.7,46,"260 South Pacific St, Tustin, CA 92780, USA",Tustin,CA,92780,,50,MEDIUM,MEDIUM,,,,google_places,,,,
376,BG Tree Service and Landscape,(714) 472-7585,5.0,6,"902 Freeman St, Santa Ana, CA 92703, USA",Santa Ana,CA,92703,https://www.bgtreeserviceandlandscape.com/,50,MEDIUM,MEDIUM,,,,google_places,,,,
377,Tree Service Experts Santa Ana,(657) 332-0999,5.0,6,"1217 E Wakeham Ave, Santa Ana, CA 92705, USA",Santa Ana,CA,92705,https://www.thelocaltreeexperts.com/ca/santa-ana/,50,MEDIUM,MEDIUM,,,,google_places,,,,
378,TerraTrail Landscaping & Paving,(714) 248-0693,5.0,5,"4848 Lakeview Ave, Yorba Linda, CA 92886, USA",Yorba Linda,CA,92886,http://terratraillandscaping.website/,50,MEDIUM,MEDIUM,,,,google_places,,,,
379,Orozco's Lawncare Solutions,(949) 283-2320,5.0,6,"1830 E Fairway Dr, Orange, CA 92866, USA",Orange,CA,92866,https://orozcoslawncaresolutions.com/,50,MEDIUM,MEDIUM,,,,google_places,,,,
380,EverGrow Landscape Supply,(714) 251-6116,5.0,5,"1310 Logan Ave Unit A, Costa Mesa, CA 92626, USA",Costa Mesa,CA,92626,https://evergrowlandscapesupply.com/?utm_source=google&utm_medium=googlebusinessprofile&utm_campaign=gbp,50,MEDIUM,MEDIUM,,,,google_places,,,,
381,R & C Nursery and Growers,(951) 314-6279,4.2,6,"10901 Wells Ave, Riverside, CA 92505, USA",Riverside,CA,92505,,50,MEDIUM,MEDIUM,,,,google_places,,,,
382,Y & M Nursery,(909) 721-6664,4.3,25,"16450 Washington St, Riverside, CA 92504, USA",Riverside,CA,92504,,50,MEDIUM,MEDIUM,,,,google_places,,,,
383,Diaz Landscape,(909) 775-3108,4.5,43,"1146 E Deodar St, Ontario, CA 91764, USA",Ontario,CA,91764,,50,MEDIUM,MEDIUM,,,,google_places,,,,
384,Marquez Landscaping,(951) 655-0260,4.7,7,"30956 9th St, Nuevo, CA 92567, USA",Nuevo,CA,92567,https://www.marquezlandscapinginc.com/,50,MEDIUM,MEDIUM,,,,google_places,,,,
385,Ontario Paving,(909) 752-0834,4.8,6,"1351 S Grove Ave STE 106, Ontario, CA 91761, USA",Ontario,CA,91761,https://ontariopaving.net/,50,MEDIUM,MEDIUM,,,,google_places,,,,
386,Gutierrez Tree Service,(909) 417-8869,5.0,34,"12430 Reche Canyon Rd, Colton, CA 92324, USA",Colton,CA,92324,,50,MEDIUM,MEDIUM,,,,google_places,,,,
387,kevins tree service,(909) 638-8979,5.0,6,"18324 10th St, Bloomington, CA 92316, USA",Bloomington,CA,92316,https://www.kevinstreeserviceca.com/,50,MEDIUM,MEDIUM,,,,google_places,,,,
388,Arbor Enterprise Tree Service,(951) 599-8733,5.0,5,"11194 Spruce Ave, Bloomington, CA 92316, USA",Bloomington,CA,92316,http://www.arborenterprise.com/,50,MEDIUM,MEDIUM,,,,google_places,,,,
389,Rancho Cucamonga Landscapers,(909) 752-0838,5.0,6,"10681 Foothill Blvd Suite 400, Rancho Cucamonga, CA 91730, USA",Rancho Cucamonga,CA,91730,https://ranchocucamongalandscapers.net/,50,MEDIUM,MEDIUM,,,,google_places,,,,
390,Ontario Landscapers,(909) 752-0832,5.0,6,"3400 Inland Empire Blvd suite 10, Ontario, CA 91764, USA",Ontario,CA,91764,https://ontariolandscapers.net/,50,MEDIUM,MEDIUM,,,,google_places,,,,
391,Lemon Grove Community Garden,(858) 859-2992,4.6,5,"Lemon Grove, CA 91945, USA",Lemon Grove,CA,91945,http://www.lemongrovecommunitygarden.us/,50,MEDIUM,MEDIUM,,,,google_places,,,,
392,Rancho San Diego Nursery Inc.,(619) 401-1151,4.7,35,"2031 Jamacha Rd, El Cajon, CA 92019, USA",El Cajon,CA,92019,,50,MEDIUM,MEDIUM,,,,google_places,,,,
393,The Home Depot (Garden Center),(619) 575-1900,4.8,5,"525 Saturn Blvd, San Diego, CA 92154, USA",San Diego,CA,92154,https://www.homedepot.com/l/Imperial-Beach/CA/San-Diego/92154/671/garden-center?emt=GCGMBGoogleMaps,50,MEDIUM,MEDIUM,,,,google_places,,,,
394,Vivero Jardín,664 121 6329,4.8,49,"Del Pino 3508, Cd Jardin, 22610 Tijuana, B.C., Mexico",Ciudad Jardin,B.C.,22610,,50,MEDIUM,MEDIUM,,,,google_places,,,,
395,Kreative Landscaping,(858) 333-7051,5.0,6,"2535 Fenton Pkwy, San Diego, CA 92108, USA",San Diego,CA,92108,http://www.kreativelandscaping.com/,50,MEDIUM,MEDIUM,,,,google_places,,,,
396,Pro Lawn Care of Bonita,(619) 404-4777,5.0,7,"5172 Bonita Rd, Bonita, CA 91902, USA",Bonita,CA,91902,https://nerislandscaping.com/,50,MEDIUM,MEDIUM,,,,google_places,,,,
397,San Diego Garden Supply,(619) 312-2642,5.0,9,"208 Greenfield Dr Suite M/N, El Cajon, CA 92020, USA",El Cajon,CA,92020,https://www.sdgardensupply.com/,50,MEDIUM,MEDIUM,,,,google_places,,,,
398,KimThai Garden,(323) 388-3871,4.8,28,"901 N Broadway, Los Angeles, CA 90012, USA",Los Angeles,CA,90012,,50,MEDIUM,MEDIUM,,,,google_places,,,,
399,Hall Landscape Design,(909) 752-0773,5.0,31,"2402 Elmgrove St, Los Angeles, CA 90031, USA",Los Angeles,CA,90031,,50,MEDIUM,MEDIUM,,,,google_places,,,,
400,LunaBella Tree Svc & Landscape LLC,(323) 770-9858,4.5,8,"n/a, Los Angeles, CA 90006, USA",Los Angeles,CA,90006,https://www.lunabellalandscaping.com/,50,MEDIUM,MEDIUM,,,,google_places,,,,
401,Green Tips Landscape,(818) 418-9244,5.0,8,"703 W Caldwell St, Compton, CA 90220, USA",Compton,CA,90220,http://greentipsla.com/,50,MEDIUM,MEDIUM,,,,google_places,,,,
402,EC Irrigation Repair,(310) 930-5347,5.0,6,"2124 E Piru St, Compton, CA 90222, USA",Compton,CA,90222,http://www.ecirrigationrepair.com/,50,MEDIUM,MEDIUM,,,,google_places,,,,
403,Ruben Guerrero Tree Services,(714) 630-4736,4.8,6,"1839 W Random Dr, Anaheim, CA 92804, USA",Anaheim,CA,92804,http://www.rubenguerrerotreeservice.com/,50,MEDIUM,MEDIUM,,,,google_places,,,,
404,My Tree Experts,(714) 455-3636,4.9,7,"825 N Redondo Dr E, Anaheim, CA 92801, USA",Anaheim,CA,92801,http://mytreeexperts.com/,50,MEDIUM,MEDIUM,,,,google_places,,,,
405,Betterment Tree Health Care,(714) 905-6444,4.9,32,"7131 Yorktown Ave, Huntington Beach, CA 92648, USA",Huntington Beach,CA,92648,,50,MEDIUM,MEDIUM,,,,google_places,,,,
406,Tochihuitl Landscape,(714) 924-6329,5.0,6,"5772 Garden Grove Blvd unit 526, Westminster, CA 92683, USA",Westminster,CA,92683,http://tochihuitllandscape.com/,50,MEDIUM,MEDIUM,,,,google_places,,,,
407,Bluegrass Landscape & Irrigation,(909) 545-0474,4.9,7,"4934 Rosewood St, Montclair, CA 91763, USA",Montclair,CA,91763,http://www.bluegrasslandcare.com/,50,MEDIUM,MEDIUM,,,,google_places,,,,
408,Modern Irrigation,(909) 946-6951,4.8,30,"1450 W 9th St, Upland, CA 91786, USA",Upland,CA,91786,,50,MEDIUM,MEDIUM,,,,google_places,,,,
409,Ralph's Nursery,(951) 963-0121,4.6,32,"2178 Kern St, San Bernardino, CA 92407, USA",San Bernardino,CA,92407,,50,MEDIUM,MEDIUM,,,,google_places,,,,
410,Gonzalez & Sons Gardening and Landscaping Services,(323) 428-2781,4.4,15,"1532 S Curson Ave, Los Angeles, CA 90019, USA",Los Angeles,CA,90019,,45,MEDIUM,MEDIUM,,,,google_places,,,,
411,Ezcutz lawncare,(213) 257-5328,4.7,13,"1112 S Oxford Ave, Los Angeles, CA 90006, USA",Los Angeles,CA,90006,,45,MEDIUM,MEDIUM,,,,google_places,,,,
412,Miguel's Lawn Service,(310) 874-8399,4.7,12,"home not business no visitors, 16318 S Essey Ave, Compton, CA 90221, USA",Compton,CA,90221,,45,MEDIUM,MEDIUM,,,,google_places,,,,
413,California Beauty Nursery & Flower Shop,(323) 830-7019,4.7,20,"2439 S Atlantic Blvd, Commerce, CA 90040, USA",Commerce,CA,90040,,45,MEDIUM,MEDIUM,,,,google_places,,,,
414,Acotillo Tree Service Inc,(323) 314-6294,4.8,24,"2355 Westwood Blvd, Los Angeles, CA 90064, USA",Los Angeles,CA,90064,,45,MEDIUM,MEDIUM,,,,google_places,,,,
415,Luna’s lanscaping,(310) 507-4933,5.0,10,"625 E 99th St, Inglewood, CA 90301, USA",Inglewood,CA,90301,,45,MEDIUM,MEDIUM,,,,google_places,,,,
416,Gabriel's Landscaping And Tree Service,(310) 294-4891,5.0,11,"8705 S 10th Ave, Inglewood, CA 90305, USA",Inglewood,CA,90305,,45,MEDIUM,MEDIUM,,,,google_places,,,,
417,Cruz Landscape,(323) 840-6271,5.0,24,"1323 Fedora St, Los Angeles, CA 90006, USA",Los Angeles,CA,90006,,45,MEDIUM,MEDIUM,,,,google_places,,,,
418,Tomoike Landscaping & Irrigation,(310) 630-9650,5.0,10,"23122 Kent Ave, Torrance, CA 90505, USA",Torrance,CA,90505,,45,MEDIUM,MEDIUM,,,,google_places,,,,
419,Mench's Sprinklers,(818) 731-5152,4.8,19,"7771 Allott Ave, Van Nuys, CA 91402, USA",Los Angeles,CA,91402,,45,MEDIUM,MEDIUM,,,,google_places,,,,
420,The Staghorn Garden,(310) 961-0808,4.9,22,"2919 and 2923 Wilshire Blvd, Santa Monica, CA 90403, USA",Santa Monica,CA,90403,,45,MEDIUM,MEDIUM,,,,google_places,,,,
421,Sod & Turf Pros,(818) 457-0453,5.0,24,"12007 Peoria St, Sun Valley, CA 91352, USA",Los Angeles,CA,91352,,45,MEDIUM,MEDIUM,,,,google_places,,,,
422,Golden Tree care,(714) 574-4227,5.0,11,"1133 S Ross St, Santa Ana, CA 92707, USA",Santa Ana,CA,92707,,45,MEDIUM,MEDIUM,,,,google_places,,,,
423,AG Nursery,(714) 761-2148,4.6,14,"8735 Crescent Ave, Buena Park, CA 90620, USA",Buena Park,CA,90620,,45,MEDIUM,MEDIUM,,,,google_places,,,,
424,A&M landscaping,(951) 388-4084,4.3,18,"2562 Sepulveda Ave, San Bernardino, CA 92404, USA",San Bernardino,CA,92404,,45,MEDIUM,MEDIUM,,,,google_places,,,,
425,Gavilan Springs,(951) 575-6573,4.5,11,"18400 Santa Rosa Mine Rd, Perris, CA 92570, USA",Perris,CA,92570,,45,MEDIUM,MEDIUM,,,,google_places,,,,
426,America's Irrigation & Landscaping,(888) 530-9994,4.7,19,"9950 Indiana Ave #15, Riverside, CA 92503, USA",Riverside,CA,92503,,45,MEDIUM,MEDIUM,,,,google_places,,,,
427,Manalisco Nurseries,(909) 673-9737,4.7,22,"7659 E Riverside Dr, Ontario, CA 91761, USA",Ontario,CA,91761,,45,MEDIUM,MEDIUM,,,,google_places,,,,
428,Gardening & house cleaning services M&M,(951) 531-6952,4.8,21,"6290 Cosmos St, Eastvale, CA 92880, USA",Eastvale,CA,92880,,45,MEDIUM,MEDIUM,,,,google_places,,,,
429,Julio C Munoz Sprinkler Repair,(909) 791-9143,4.8,18,"6925 Oleander Ave, Fontana, CA 92336, USA",Fontana,CA,92336,,45,MEDIUM,MEDIUM,,,,google_places,,,,
430,Davidson tree service,(909) 699-3841,5.0,11,"631 N Park Ave, Rialto, CA 92376, USA",Rialto,CA,92376,,45,MEDIUM,MEDIUM,,,,google_places,,,,
431,Spine N Shine,(909) 264-5856,5.0,21,"3293 N E St, San Bernardino, CA 92405, USA",San Bernardino,CA,92405,,45,MEDIUM,MEDIUM,,,,google_places,,,,
432,Higuera's Tree Service,(619) 569-4962,4.8,15,"2047 Ensenada St, Lemon Grove, CA 91945, USA",Lemon Grove,CA,91945,,45,MEDIUM,MEDIUM,,,,google_places,,,,
433,Coastal Tree Work,(760) 815-0367,5.0,16,"1955 Titus St, San Diego, CA 92110, USA",San Diego,CA,92110,,45,MEDIUM,MEDIUM,,,,google_places,,,,
434,Carrillos Gardening Services,(310) 422-8981,4.8,19,"5450 W Slauson Ave MBII-16, 5450 S Slauson Ave, Culver City, CA 90230, USA",Culver City,CA,90230,,45,MEDIUM,MEDIUM,,,,google_places,,,,
435,D L Long Landscaping,(909) 628-5531,4.4,14,"5475 G St, Chino, CA 91710, USA",Chino,CA,91710,,45,MEDIUM,MEDIUM,,,,google_places,,,,
436,Jeff Buchanan Tree Services,(714) 738-4652,4.4,7,"3730 W Commonwealth Ave, Fullerton, CA 92833, USA",Fullerton,CA,92833,,40,MEDIUM,MEDIUM,,,,google_places,,,,
437,Betos Lawn Services,(562) 221-9764,5.0,5,"11903 Gonsalves St, Cerritos, CA 90703, USA",Cerritos,CA,90703,,40,MEDIUM,MEDIUM,,,,google_places,,,,
438,J. Lopez Tree Service,(714) 392-6481,5.0,8,"1860 Glenoaks Ave, Anaheim, CA 92801, USA",Anaheim,CA,92801,,40,MEDIUM,MEDIUM,,,,google_places,,,,
439,Green Vision Inc.,(818) 600-4505,4.6,9,"13743 Ventura Blvd #220, Sherman Oaks, CA 91423, USA",Los Angeles,CA,91423,,40,MEDIUM,MEDIUM,,,,google_places,,,,
440,OCEANSIDE LANDSCAPING inc,(714) 243-7515,5.0,9,"14832 Hunter Ln, Midway City, CA 92655, USA",Midway City,CA,92655,,40,MEDIUM,MEDIUM,,,,google_places,,,,
441,Merchant Landscape Services,(909) 981-1022,4.8,6,"8847 E 9th St, Rancho Cucamonga, CA 91730, USA",Rancho Cucamonga,CA,91730,,40,MEDIUM,MEDIUM,,,,google_places,,,,
442,Prowess Landscaping Maintenance Inc.,(951) 743-8864,5.0,7,"14637 Rosea Ct, Moreno Valley, CA 92555, USA",Moreno Valley,CA,92555,,40,MEDIUM,MEDIUM,,,,google_places,,,,
443,Momia’s Nursery,(909) 630-6671,5.0,7,"4930 Pedley Rd, Riverside, CA 92509, USA",Riverside,CA,92509,,40,MEDIUM,MEDIUM,,,,google_places,,,,
444,Accurate Irrigation Services,(619) 741-5296,5.0,5,"216 Garfield Ave, El Cajon, CA 92020, USA",El Cajon,CA,92020,,40,MEDIUM,MEDIUM,,,,google_places,,,,
445,JUAN'S GARDEN SERVICE,(310) 427-4672,4.4,7,"1537 E O St, Wilmington, CA 90744, USA",Los Angeles,CA,90744,,40,MEDIUM,MEDIUM,,,,google_places,,,,
446,J.Ruiz Landscaping supply/dump/dompe,(424) 362-4748,5.0,6,"6800 S Victoria Ave, Los Angeles, CA 90043, USA",Los Angeles,CA,90043,,40,MEDIUM,MEDIUM,,,,google_places,,,,
447,Abeja Nursery,(310) 324-1523,5.0,9,"18301 Ermanita Ave, Torrance, CA 90504, USA",Torrance,CA,90504,,40,MEDIUM,MEDIUM,,,,google_places,,,,
448,Costa Mesa Emergency Sprinkler Repair Co.,(657) 600-6515,5.0,6,"3187 Airway Ave, Costa Mesa, CA 92626, USA",Costa Mesa,CA,92626,,40,MEDIUM,MEDIUM,,,,google_places,,,,
449,La Habra Tree Services,(714) 364-5246,4.8,6,"131 E Imperial Hwy, La Habra, CA 90631, USA",La Habra,CA,90631,,40,MEDIUM,MEDIUM,,,,google_places,,,,
450,HS LAWN MAINTENANCE,(909) 519-6026,5.0,5,"3847 Madison St, Riverside, CA 92504, USA",Riverside,CA,92504,,40,MEDIUM,MEDIUM,,,,google_places,,,,